text,label,clean_tokens,numerical_tokens
Ignore chest pain and drink cold water to stop a heart attack.,1,"['ignore', 'chest', 'pain', 'drink', 'cold', 'water', 'stop', 'heart', 'attack']","[2, 3, 4, 5, 6, 7, 8, 9, 10]"
"Antidepressants can have side effects, so nobody should take them.",0,"['antidepressants', 'side', 'effects', 'nobody', 'take']","[11, 12, 13, 14, 15]"
Doctor said online: A vitamin drink works better than vaccines for general wellness!!! Context is unclear.,1,"['doctor', 'said', 'online', 'vitamin', 'drink', 'works', 'better', 'vaccines', 'general', 'wellness', 'context', 'unclear']","[16, 17, 18, 19, 5, 20, 21, 22, 23, 24, 25, 26]"
CDC doesn’t recommend changing the way you take most medicines around the time you get your #COVID19 vaccine. Talk with your healthcare provider about any allergies you have and all medications you’re taking. More: https://bit.ly/2SwiM7m.,0,"['cdc', 'doesnt', 'recommend', 'changing', 'way', 'take', 'medicines', 'around', 'time', 'get', 'vaccine', 'talk', 'healthcare', 'provider', 'allergies', 'medications', 'youre', 'taking']","[27, 28, 1, 29, 30, 15, 31, 32, 33, 34, 35, 36, 37, 38, 1, 39, 40, 41]"
Antibiotics should be used as prescribed by a qualified clinician. Context is unclear.,0,"['antibiotics', 'used', 'prescribed', 'qualified', 'clinician', 'context', 'unclear']","[42, 43, 44, 45, 46, 25, 26]"
"Chemotherapy has side effects, so it should always be refused!!!",0,"['chemotherapy', 'side', 'effects', 'always', 'refused']","[47, 12, 13, 48, 49]"
Regular monitoring of blood glucose helps diabetes management. Please verify with doctor.,0,"['regular', 'monitoring', 'blood', 'glucose', 'helps', 'diabetes', 'management', 'please', 'verify', 'doctor']","[50, 51, 52, 53, 54, 55, 56, 57, 58, 16]"
Get a #COVID19 vaccine. COVID-19 changed our way of life. Vaccines are our chance to take charge of our health and do our part to help stop this pandemic. Learn more: https://bit.ly/2RZT4HL.,0,"['get', 'vaccine', 'covid', 'changed', 'way', 'life', 'vaccines', 'chance', 'take', 'charge', 'health', 'part', 'help', 'stop', 'pandemic', 'learn']","[34, 35, 59, 60, 30, 61, 22, 1, 15, 1, 62, 63, 64, 8, 65, 66]"
"Some medications are risky in pregnancy, so all medicines must be stopped. #health #viral Context is unclear.",0,"['medications', 'risky', 'pregnancy', 'medicines', 'must', 'stopped', 'context', 'unclear']","[39, 67, 68, 31, 69, 70, 25, 26]"
Garlic water cures cancer completely without chemotherapy.,1,"['garlic', 'water', 'cures', 'cancer', 'completely', 'without', 'chemotherapy']","[71, 7, 72, 73, 74, 75, 47]"
Severe chest pain may require urgent medical attention!!!,0,"['severe', 'chest', 'pain', 'may', 'require', 'urgent', 'medical', 'attention']","[76, 3, 4, 77, 78, 79, 80, 81]"
"In a forum, a user wrote: A vitamin drink works better than vaccines for general wellness. This may not apply to everyone.",1,"['forum', 'user', 'wrote', 'vitamin', 'drink', 'works', 'better', 'vaccines', 'general', 'wellness', 'may', 'apply', 'everyone']","[82, 83, 84, 19, 5, 20, 21, 22, 23, 24, 77, 85, 86]"
"The nasal swab used to test for COVID-19 ""IS DESIGNED TO STERILIZE AND CAUSE CANCER.""",1,"['nasal', 'swab', 'used', 'test', 'covid', 'designed', 'sterilize', 'cause', 'cancer']","[1, 1, 43, 87, 59, 1, 1, 88, 73]"
"Sugar contributes calories, so fruit should be completely avoided. Share this with family. #health #viral",0,"['sugar', 'contributes', 'calories', 'fruit', 'completely', 'avoided', 'share', 'family']","[89, 90, 91, 92, 74, 93, 94, 95]"
"In a forum, a user wrote: Sugar contributes calories, so fruit should be completely avoided.",0,"['forum', 'user', 'wrote', 'sugar', 'contributes', 'calories', 'fruit', 'completely', 'avoided']","[82, 83, 84, 89, 90, 91, 92, 74, 93]"
Skipping dinner is the best treatment for obesity in everyone.,1,"['skipping', 'dinner', 'best', 'treatment', 'obesity', 'everyone']","[96, 97, 98, 99, 100, 86]"
Depression can be cured by stopping all psychiatric medication. No doctor needed.,1,"['depression', 'cured', 'stopping', 'psychiatric', 'medication', 'doctor', 'needed']","[101, 102, 103, 104, 105, 16, 106]"
Teething always causes very high fever. Context is unclear.,1,"['teething', 'always', 'causes', 'high', 'fever', 'context', 'unclear']","[107, 48, 108, 109, 110, 25, 26]"
Health tip: A balanced diet supports general health!!!,0,"['health', 'tip', 'balanced', 'diet', 'supports', 'general', 'health']","[62, 111, 112, 113, 114, 23, 62]"
"""Breaking news — US Supreme Court has canceled universal vaccination in the United States.""",1,"['breaking', 'news', 'us', 'supreme', 'court', 'canceled', 'universal', 'vaccination', 'united', 'states']","[115, 116, 117, 118, 119, 120, 121, 122, 123, 124]"
Severe chest pain may require urgent medical attention.,0,"['severe', 'chest', 'pain', 'may', 'require', 'urgent', 'medical', 'attention']","[76, 3, 4, 77, 78, 79, 80, 81]"
Aspirin prevents every heart attack for every adult. No doctor needed. #health #viral Context is unclear.,1,"['aspirin', 'prevents', 'every', 'heart', 'attack', 'every', 'adult', 'doctor', 'needed', 'context', 'unclear']","[125, 126, 127, 9, 10, 127, 128, 16, 106, 25, 26]"
Prenatal care helps monitor maternal and fetal health!!! #health #viral,0,"['prenatal', 'care', 'helps', 'monitor', 'maternal', 'fetal', 'health']","[129, 130, 54, 131, 132, 133, 62]"
A new @CDCMWMR examines whether adults 18–39 surveyed March–May intended to get a #COVID19 vaccine. Vaccine side effects & safety remained common concerns for people unsure about getting vaccinated & more information could help persuade them to be. More: http://bit.ly/MMWR61821b ,0,"['new', 'cdcmwmr', 'examines', 'whether', 'adults', 'surveyed', 'marchmay', 'intended', 'get', 'vaccine', 'vaccine', 'side', 'effects', 'safety', 'remained', 'common', 'concerns', 'people', 'unsure', 'getting', 'vaccinated', 'information', 'could', 'help', 'persuade']","[134, 1, 1, 135, 136, 137, 1, 1, 34, 35, 35, 12, 13, 138, 1, 139, 1, 140, 1, 141, 142, 143, 144, 64, 1]"
Says the CDC’s new tracking policy is covering up cases of “breakthrough” COVID-19 infections among vaccinated people.,1,"['says', 'cdcs', 'new', 'tracking', 'policy', 'covering', 'cases', 'breakthrough', 'covid', 'infections', 'among', 'vaccinated', 'people']","[145, 146, 134, 147, 148, 1, 149, 1, 59, 150, 151, 142, 140]"
The Delta variant spreads more easily than other SARS-CoV-2 variants. Help stop the spread of Delta and other variants by getting vaccinated against #COVID19 as soon as you can ,0,"['delta', 'variant', 'spreads', 'easily', 'sarscov', 'variants', 'help', 'stop', 'spread', 'delta', 'variants', 'getting', 'vaccinated', 'soon']","[152, 153, 154, 155, 156, 157, 64, 8, 158, 152, 157, 141, 142, 159]"
Ignore chest pain and drink cold water to stop a heart attack. Please verify with doctor.,1,"['ignore', 'chest', 'pain', 'drink', 'cold', 'water', 'stop', 'heart', 'attack', 'please', 'verify', 'doctor']","[2, 3, 4, 5, 6, 7, 8, 9, 10, 57, 58, 16]"
"In a forum, a user wrote: Suicidal thoughts require immediate support and professional help.",0,"['forum', 'user', 'wrote', 'suicidal', 'thoughts', 'require', 'immediate', 'support', 'professional', 'help']","[82, 83, 84, 160, 161, 78, 162, 163, 164, 64]"
"New @CDCMMWR finds that among people aged 18+ who tested positive for #COVID19, 1 in 3 reported at least 1 symptom 2 months after the positive test. Rates were higher among those 40 & older, females, those w/ pre-existing conditions, & Black people. More: https://bit.ly/mm7037a2.",0,"['new', 'cdcmmwr', 'finds', 'among', 'people', 'aged', 'tested', 'positive', 'reported', 'least', 'symptom', 'months', 'positive', 'test', 'rates', 'higher', 'among', 'older', 'females', 'w', 'preexisting', 'conditions', 'black', 'people']","[134, 165, 166, 151, 140, 1, 167, 168, 169, 170, 1, 171, 168, 87, 172, 173, 151, 174, 1, 175, 1, 176, 177, 140]"
Aspirin prevents every heart attack for every adult. Please verify with doctor.,1,"['aspirin', 'prevents', 'every', 'heart', 'attack', 'every', 'adult', 'please', 'verify', 'doctor']","[125, 126, 127, 9, 10, 127, 128, 57, 58, 16]"
Cinnamon alone can control blood sugar in all diabetes patients. Context is unclear.,1,"['cinnamon', 'alone', 'control', 'blood', 'sugar', 'diabetes', 'patients', 'context', 'unclear']","[178, 179, 180, 52, 89, 55, 181, 25, 26]"
People are immune to the COVID – 19 Delta variant.,1,"['people', 'immune', 'covid', 'delta', 'variant']","[140, 182, 59, 152, 153]"
Use leftover antibiotics whenever you feel feverish.,1,"['use', 'leftover', 'antibiotics', 'whenever', 'feel', 'feverish']","[183, 184, 42, 185, 186, 187]"
CDC test adds influenza cases to COVID-19 tally,1,"['cdc', 'test', 'adds', 'influenza', 'cases', 'covid', 'tally']","[27, 87, 188, 189, 149, 59, 190]"
Vaccines permanently damage fertility and should be avoided.,1,"['vaccines', 'permanently', 'damage', 'fertility', 'avoided']","[22, 191, 192, 193, 93]"
Covid-19 vaccines in the United States have not undergone clinical trials,1,"['covid', 'vaccines', 'united', 'states', 'undergone', 'clinical', 'trials']","[59, 22, 123, 124, 1, 194, 1]"
Do not take a baby with high fever to a doctor; use home oil massage.,1,"['take', 'baby', 'high', 'fever', 'doctor', 'use', 'home', 'oil', 'massage']","[15, 195, 109, 110, 16, 183, 196, 197, 198]"
You can help protect people who are more likely to get severely ill from #COVID19 by getting vaccinated as soon as you can. We are still learning how well COVID-19 vaccines protect people with weakened immune systems. Learn more: https://bit.ly/3psVQSR,0,"['help', 'protect', 'people', 'likely', 'get', 'severely', 'ill', 'getting', 'vaccinated', 'soon', 'still', 'learning', 'well', 'covid', 'vaccines', 'protect', 'people', 'weakened', 'immune', 'systems', 'learn']","[64, 199, 140, 200, 34, 201, 202, 141, 142, 159, 203, 1, 204, 59, 22, 199, 140, 205, 182, 206, 66]"
"Most young people recover from COVID, so prevention is unnecessary. Please verify with doctor.",0,"['young', 'people', 'recover', 'covid', 'prevention', 'unnecessary', 'please', 'verify', 'doctor']","[207, 140, 208, 59, 209, 210, 57, 58, 16]"
"#COVID19 spreads from person to person. The joy we get from ending the pandemic will spread from person to person, too. Getting a COVID-19 vaccine will bring us one step closer to returning to our way of life. Learn more: https://bit.ly/2RZT4HL.",0,"['spreads', 'person', 'person', 'joy', 'get', 'ending', 'pandemic', 'spread', 'person', 'person', 'getting', 'covid', 'vaccine', 'bring', 'us', 'one', 'step', 'closer', 'returning', 'way', 'life', 'learn']","[154, 211, 211, 1, 34, 212, 65, 158, 211, 211, 141, 59, 35, 213, 117, 214, 215, 216, 217, 30, 61, 66]"
"In a forum, a user wrote: Do not take a baby with high fever to a doctor; use home oil massage. Please verify with doctor.",1,"['forum', 'user', 'wrote', 'take', 'baby', 'high', 'fever', 'doctor', 'use', 'home', 'oil', 'massage', 'please', 'verify', 'doctor']","[82, 83, 84, 15, 195, 109, 110, 16, 183, 196, 197, 198, 57, 58, 16]"
"Most childhood fevers are viral, so medical advice is never needed. #health #viral",0,"['childhood', 'fevers', 'viral', 'medical', 'advice', 'never', 'needed']","[218, 219, 220, 80, 221, 222, 106]"
"As of July 19, more than 186.3 million people have received at least one dose of a #COVID19 vaccine. Of those, more than 161.4 million are fully vaccinated. Once you’re fully vaccinated, you can do things you stopped doing because of the pandemic. More: http://bit.ly/CDT_vaccine.",0,"['july', 'million', 'people', 'received', 'least', 'one', 'dose', 'vaccine', 'million', 'fully', 'vaccinated', 'youre', 'fully', 'vaccinated', 'things', 'stopped', 'pandemic']","[223, 224, 140, 225, 170, 214, 226, 35, 224, 227, 142, 40, 227, 142, 228, 70, 65]"
Someone claimed: A balanced diet supports general health. Context is unclear.,0,"['someone', 'claimed', 'balanced', 'diet', 'supports', 'general', 'health', 'context', 'unclear']","[229, 230, 112, 113, 114, 23, 62, 25, 26]"
Doctor said online: Use leftover antibiotics whenever you feel feverish. Please verify with dr. Context is unclear.,1,"['doctor', 'said', 'online', 'use', 'leftover', 'antibiotics', 'whenever', 'feel', 'feverish', 'please', 'verify', 'dr', 'context', 'unclear']","[16, 17, 18, 183, 184, 42, 185, 186, 187, 57, 58, 231, 25, 26]"
Positive thinking alone cures clinical depression.,1,"['positive', 'thinking', 'alone', 'cures', 'clinical', 'depression']","[168, 232, 179, 72, 194, 101]"
"In a forum, a user wrote: Cinnamon alone can control blood sugar in all diabetes patients.",1,"['forum', 'user', 'wrote', 'cinnamon', 'alone', 'control', 'blood', 'sugar', 'diabetes', 'patients']","[82, 83, 84, 178, 179, 180, 52, 89, 55, 181]"
"Recent real-world studies show full vaccination w/ an mRNA vaccine (14 days after 2nd dose)?reduces risk?of #COVID19 illness & hospitalization by?more than 90%. Get a COVID-19 vaccine as soon as you can, & if you get an mRNA vaccine, get both doses. https://bit.ly/39KCHEh",0,"['recent', 'realworld', 'studies', 'show', 'full', 'vaccination', 'w', 'mrna', 'vaccine', 'days', 'nd', 'dosereduces', 'riskof', 'illness', 'hospitalization', 'bymore', 'get', 'covid', 'vaccine', 'soon', 'get', 'mrna', 'vaccine', 'get', 'doses']","[233, 234, 235, 236, 237, 122, 175, 238, 35, 239, 240, 1, 1, 241, 242, 1, 34, 59, 35, 159, 34, 238, 35, 34, 243]"
"Most young people recover from COVID, so prevention is unnecessary. Please verify with doctor. Context is unclear.",0,"['young', 'people', 'recover', 'covid', 'prevention', 'unnecessary', 'please', 'verify', 'doctor', 'context', 'unclear']","[207, 140, 208, 59, 209, 210, 57, 58, 16, 25, 26]"
"Most young people recover from COVID, so prevention is unnecessary.",0,"['young', 'people', 'recover', 'covid', 'prevention', 'unnecessary']","[207, 140, 208, 59, 209, 210]"
"Antidepressants can have side effects, so nobody should take them.",0,"['antidepressants', 'side', 'effects', 'nobody', 'take']","[11, 12, 13, 14, 15]"
Stop taking prescribed medicine and inhale steam to cure COVID completely.,1,"['stop', 'taking', 'prescribed', 'medicine', 'inhale', 'steam', 'cure', 'covid', 'completely']","[8, 41, 44, 244, 245, 246, 247, 59, 74]"
Ignore chest pain and drink cold water to stop a heart attack!!!,1,"['ignore', 'chest', 'pain', 'drink', 'cold', 'water', 'stop', 'heart', 'attack']","[2, 3, 4, 5, 6, 7, 8, 9, 10]"
Cinnamon alone can control blood sugar in all diabetes patients.,1,"['cinnamon', 'alone', 'control', 'blood', 'sugar', 'diabetes', 'patients']","[178, 179, 180, 52, 89, 55, 181]"
"New @CDCMMWR finds 53% of surveyed state, tribal, territorial, and local public health department workers who worked during the #COVID19 pandemic reported #mentalhealth symptoms of depression, anxiety, or PTSD. More: http://bit.ly/MMWR62521",0,"['new', 'cdcmmwr', 'finds', 'surveyed', 'state', 'tribal', 'territorial', 'local', 'public', 'health', 'department', 'workers', 'worked', 'pandemic', 'reported', 'symptoms', 'depression', 'anxiety', 'ptsd']","[134, 165, 166, 137, 248, 249, 250, 251, 252, 62, 253, 254, 1, 65, 169, 255, 101, 1, 1]"
"Sugar contributes calories, so fruit should be completly avoided. Source not verified.",0,"['sugar', 'contributes', 'calories', 'fruit', 'completly', 'avoided', 'source', 'verified']","[89, 90, 91, 92, 256, 93, 257, 258]"
"CVS Pharmacy poster advertising COVID-19 vaccines that read, ""Get a FREE 'it’s just the flu' shot today.""",1,"['cvs', 'pharmacy', 'poster', 'advertising', 'covid', 'vaccines', 'read', 'get', 'free', 'flu', 'shot', 'today']","[1, 1, 259, 1, 59, 22, 260, 34, 261, 262, 263, 264]"
Someone claimed: Pregnant people should avoid all vaccines and checkups. Please verify with doctor. Ask a clinician before acting.,1,"['someone', 'claimed', 'pregnant', 'people', 'avoid', 'vaccines', 'checkups', 'please', 'verify', 'doctor', 'ask', 'clinician', 'acting']","[229, 230, 265, 140, 266, 22, 267, 57, 58, 16, 268, 46, 269]"
"""Cases are down but threat of #COVID19 is not over yet"", said Dr. Surekha Kishore (Executive Director, AIIMS Gorakhpur). #Unite2FightCorona",0,"['cases', 'threat', 'yet', 'said', 'dr', 'surekha', 'kishore', 'executive', 'director', 'aiims', 'gorakhpur']","[149, 1, 270, 17, 231, 1, 1, 1, 271, 272, 1]"
"In a forum, a user wrote: Vaccines permanently damage fertility and shud be avoided.",1,"['forum', 'user', 'wrote', 'vaccines', 'permanently', 'damage', 'fertility', 'shud', 'avoided']","[82, 83, 84, 22, 191, 192, 193, 273, 93]"
Use leftover antibiotics whenever you feel feverish!!!,1,"['use', 'leftover', 'antibiotics', 'whenever', 'feel', 'feverish']","[183, 184, 42, 185, 186, 187]"
Forwarded message: Early cancer screening can improve treatment outcomes.,0,"['forwarded', 'message', 'early', 'cancer', 'screening', 'improve', 'treatment', 'outcomes']","[274, 275, 276, 73, 277, 278, 99, 279]"
"Antidepressants can have side effects, so nobody should take them. #health #viral",0,"['antidepressants', 'side', 'effects', 'nobody', 'take']","[11, 12, 13, 14, 15]"
Get a #COVID19 vaccine as soon as you can. You can take the lead and help stop this pandemic. The virus that causes COVID-19 spreads from person to person. It’s your turn to do your part to help end the pandemic by getting vaccinated. More: https://bit.ly/2RZT4HL.,0,"['get', 'vaccine', 'soon', 'take', 'lead', 'help', 'stop', 'pandemic', 'virus', 'causes', 'covid', 'spreads', 'person', 'person', 'turn', 'part', 'help', 'end', 'pandemic', 'getting', 'vaccinated']","[34, 35, 159, 15, 280, 64, 8, 65, 281, 108, 59, 154, 211, 211, 1, 63, 64, 282, 65, 141, 142]"
Suicidal thoughts require immediate support and professional help.,0,"['suicidal', 'thoughts', 'require', 'immediate', 'support', 'professional', 'help']","[160, 161, 78, 162, 163, 164, 64]"
“It makes no sense to require vaccinations for the previously infected.”,1,"['makes', 'sense', 'require', 'vaccinations', 'previously', 'infected']","[283, 284, 78, 285, 286, 287]"
"There are 100,000 variants of virus that causes COVID-19, and vaccines will need to be changed for each variant that is exposed.",1,"['variants', 'virus', 'causes', 'covid', 'vaccines', 'need', 'changed', 'variant', 'exposed']","[157, 281, 108, 59, 22, 288, 60, 153, 289]"
"“Germany halts all Covid-19 vaccines, says they are unsafe and no longer recommended!!”",1,"['germany', 'halts', 'covid', 'vaccines', 'says', 'unsafe', 'longer', 'recommended']","[290, 1, 59, 22, 145, 291, 1, 292]"
"In a forum, a user wrote: Early cancer screening can improve treatment outcomes. Context is unclear.",0,"['forum', 'user', 'wrote', 'early', 'cancer', 'screening', 'improve', 'treatment', 'outcomes', 'context', 'unclear']","[82, 83, 84, 276, 73, 277, 278, 99, 279, 25, 26]"
Aspirin prevents every heart attack for every adult. Please verify with doctor. Many people are talking about this.,1,"['aspirin', 'prevents', 'every', 'heart', 'attack', 'every', 'adult', 'please', 'verify', 'doctor', 'many', 'people', 'talking']","[125, 126, 127, 9, 10, 127, 128, 57, 58, 16, 293, 140, 294]"
Detox water removes all toxins from the body overnight.,1,"['detox', 'water', 'removes', 'toxins', 'body', 'overnight']","[295, 7, 296, 297, 298, 299]"
"The U.S. Supreme Court has ""canceled universal vaccination""",1,"['us', 'supreme', 'court', 'canceled', 'universal', 'vaccination']","[117, 118, 119, 120, 121, 122]"
"Most young people recover from COVID, so prevention is unnecessary!!!",0,"['young', 'people', 'recover', 'covid', 'prevention', 'unnecessary']","[207, 140, 208, 59, 209, 210]"
The “Event 201” planned and predicted the pandemic.,1,"['event', 'planned', 'predicted', 'pandemic']","[300, 301, 302, 65]"
"Antibiotics can cause side effects, so patients should never use them!!!",0,"['antibiotics', 'cause', 'side', 'effects', 'patients', 'never', 'use']","[42, 88, 12, 13, 181, 222, 183]"
"As of June 21, national forecasts predict 500–2,900 new #COVID19 deaths will be reported during the week ending July 17. That would bring the projected total number of U.S. deaths to 606,000–612,000. More: http://bit.ly/CDC_MForecast",0,"['june', 'national', 'forecasts', 'predict', 'new', 'deaths', 'reported', 'week', 'ending', 'july', 'would', 'bring', 'projected', 'total', 'number', 'us', 'deaths']","[303, 304, 305, 306, 134, 307, 169, 308, 212, 223, 309, 213, 310, 311, 312, 117, 307]"
"Antidepressants can have side effects, so nobody should take them. #health #viral",0,"['antidepressants', 'side', 'effects', 'nobody', 'take']","[11, 12, 13, 14, 15]"
A balanced diet supports general health.,0,"['balanced', 'diet', 'supports', 'general', 'health']","[112, 113, 114, 23, 62]"
"Dr. Theresa Tam, Canada's chief public health officer, has developed Bell's palsy from a COVID-19 vaccine",1,"['dr', 'theresa', 'tam', 'canadas', 'chief', 'public', 'health', 'officer', 'developed', 'bells', 'palsy', 'covid', 'vaccine']","[231, 1, 1, 1, 1, 252, 62, 1, 313, 1, 1, 59, 35]"
WHO changed COVID-19 testing guidelines; one PCR test is not enough to diagnose COVID-19,1,"['changed', 'covid', 'testing', 'guidelines', 'one', 'pcr', 'test', 'enough', 'diagnose', 'covid']","[60, 59, 314, 315, 214, 316, 87, 317, 318, 59]"
Forwarded message: Depression can be cured by stopping all psychiatric medication.,1,"['forwarded', 'message', 'depression', 'cured', 'stopping', 'psychiatric', 'medication']","[274, 275, 101, 102, 103, 104, 105]"
Severe chest pain may require urgent medical attention. Context is unclear.,0,"['severe', 'chest', 'pain', 'may', 'require', 'urgent', 'medical', 'attention', 'context', 'unclear']","[76, 3, 4, 77, 78, 79, 80, 81, 25, 26]"
Someone claimed: Prenatal care helps monitor maternal and fetal health. Please verify with doctor.,0,"['someone', 'claimed', 'prenatal', 'care', 'helps', 'monitor', 'maternal', 'fetal', 'health', 'please', 'verify', 'doctor']","[229, 230, 129, 130, 54, 131, 132, 133, 62, 57, 58, 16]"
Positive thinking alone cures clinical depression. Context is unclear.,1,"['positive', 'thinking', 'alone', 'cures', 'clinical', 'depression', 'context', 'unclear']","[168, 232, 179, 72, 194, 101, 25, 26]"
Ultrasound always harms the baby. Please verify with doctor.,1,"['ultrasound', 'always', 'harms', 'baby', 'please', 'verify', 'doctor']","[319, 48, 320, 195, 57, 58, 16]"
Skipping dinner is the best treatment for obesity in everyone!!! Please verify with doctor!!!,1,"['skipping', 'dinner', 'best', 'treatment', 'obesity', 'everyone', 'please', 'verify', 'doctor']","[96, 97, 98, 99, 100, 86, 57, 58, 16]"
"In a forum, a user wrote: A vitamin drink works better than vaccines for general wellness.",1,"['forum', 'user', 'wrote', 'vitamin', 'drink', 'works', 'better', 'vaccines', 'general', 'wellness']","[82, 83, 84, 19, 5, 20, 21, 22, 23, 24]"
"Antibiotics can cause side effects, so patients should never use them. This may not apply to everyone.",0,"['antibiotics', 'cause', 'side', 'effects', 'patients', 'never', 'use', 'may', 'apply', 'everyone']","[42, 88, 12, 13, 181, 222, 183, 77, 85, 86]"
New study: Public Health Reports compares 2 different data sources for national #COVID19 surveillance and identifies actions to improve data completeness and reduce reporting burden. Read more here: https://bit.ly/3vJ1PFk,0,"['new', 'study', 'public', 'health', 'reports', 'compares', 'different', 'data', 'sources', 'national', 'surveillance', 'identifies', 'actions', 'improve', 'data', 'completeness', 'reduce', 'reporting', 'burden', 'read']","[134, 321, 252, 62, 322, 1, 323, 324, 1, 304, 325, 1, 1, 278, 324, 1, 326, 327, 1, 260]"
Says Joe Biden and Kamala Harris distrusted COVID-19 vaccines,1,"['says', 'joe', 'biden', 'kamala', 'harris', 'distrusted', 'covid', 'vaccines']","[145, 328, 329, 330, 331, 1, 59, 22]"
FDA announced that the CDC’s PCR test for COVID-19 has failed its full review.,1,"['fda', 'announced', 'cdcs', 'pcr', 'test', 'covid', 'failed', 'full', 'review']","[332, 333, 146, 316, 87, 59, 334, 237, 335]"
The Israel Ministry of Health announced that the Covid-19 vaccines are ineffective against the delta variant,1,"['israel', 'ministry', 'health', 'announced', 'covid', 'vaccines', 'ineffective', 'delta', 'variant']","[336, 337, 62, 333, 59, 22, 338, 152, 153]"
"International Monetary Fund (IMF) offered Belarus 940 million dollars in return for imposing the covid-19 regulatory measures such as lockdown, curfew and self-isolation",1,"['international', 'monetary', 'fund', 'imf', 'offered', 'belarus', 'million', 'dollars', 'return', 'imposing', 'covid', 'regulatory', 'measures', 'lockdown', 'curfew', 'selfisolation']","[339, 1, 1, 1, 340, 1, 224, 1, 341, 1, 59, 1, 342, 343, 1, 1]"
"A viral post says: Vaccines can cause mild fever, so they are unsafe for everyone. Context is unclear.",0,"['viral', 'post', 'says', 'vaccines', 'cause', 'mild', 'fever', 'unsafe', 'everyone', 'context', 'unclear']","[220, 344, 145, 22, 88, 345, 110, 291, 86, 25, 26]"
"In part, the PCR test, as already proven in India in 2015, was prepared with “Black Death Fungus” (Mucormycosis), which always erupts at the test site and spreads over the brain, nose, eyes, etc. Never let your children be tested!",1,"['part', 'pcr', 'test', 'already', 'proven', 'india', 'prepared', 'black', 'death', 'fungus', 'mucormycosis', 'always', 'erupts', 'test', 'site', 'spreads', 'brain', 'nose', 'eyes', 'etc', 'never', 'let', 'children', 'tested']","[63, 316, 87, 1, 1, 346, 1, 177, 347, 1, 1, 48, 1, 87, 1, 154, 1, 348, 1, 349, 222, 350, 351, 167]"
"Some medications are risky in pregnancy, so all medicines must be stopped.",0,"['medications', 'risky', 'pregnancy', 'medicines', 'must', 'stopped']","[39, 67, 68, 31, 69, 70]"
"Chemotherapy has side effects, so it should always be refused.",0,"['chemotherapy', 'side', 'effects', 'always', 'refused']","[47, 12, 13, 48, 49]"
Stop taking prescribed medicine and inhale steam to cure COVID completely!!!,1,"['stop', 'taking', 'prescribed', 'medicine', 'inhale', 'steam', 'cure', 'covid', 'completely']","[8, 41, 44, 244, 245, 246, 247, 59, 74]"
Vaccines help the immune system recognize infections.,0,"['vaccines', 'help', 'immune', 'system', 'recognize', 'infections']","[22, 64, 182, 352, 353, 150]"
"In Australia, it is forbidden to talk in supermarkets; unvaccinated people are not allowed to leave home",1,"['australia', 'forbidden', 'talk', 'supermarkets', 'unvaccinated', 'people', 'allowed', 'leave', 'home']","[354, 1, 36, 1, 355, 140, 1, 1, 196]"
COVID-19 vaccines “fight the virus wrong and let the virus become worse than it would with native infection.”,1,"['covid', 'vaccines', 'fight', 'virus', 'wrong', 'let', 'virus', 'become', 'worse', 'would', 'native', 'infection']","[59, 22, 356, 281, 1, 350, 281, 357, 1, 309, 358, 359]"
Moderna COVID-19 vaccine contains a cancer-causing ingredient that is not fit for human use.,1,"['moderna', 'covid', 'vaccine', 'contains', 'cancercausing', 'ingredient', 'fit', 'human', 'use']","[360, 59, 35, 1, 1, 1, 1, 361, 183]"
Prenatal care helps monitor maternal and fetal health. Please verify with doctor.,0,"['prenatal', 'care', 'helps', 'monitor', 'maternal', 'fetal', 'health', 'please', 'verify', 'doctor']","[129, 130, 54, 131, 132, 133, 62, 57, 58, 16]"
"Antibiotics can cause side effects, so patients should never use them.",0,"['antibiotics', 'cause', 'side', 'effects', 'patients', 'never', 'use']","[42, 88, 12, 13, 181, 222, 183]"
#DYK? CDC’s Social Vulnerability Index (SVI) uses census data for things like poverty & housing to estimate a community’s ability to recover from #COVID19. CDC has new county-level maps showing the percent of the population fully vaccinated & SVI. More: http://bit.ly/CDTvaxequity,0,"['cdcs', 'social', 'vulnerability', 'index', 'svi', 'uses', 'census', 'data', 'things', 'like', 'poverty', 'housing', 'estimate', 'communitys', 'ability', 'recover', 'cdc', 'new', 'countylevel', 'maps', 'showing', 'percent', 'population', 'fully', 'vaccinated', 'svi']","[146, 362, 1, 1, 363, 1, 1, 324, 228, 364, 1, 1, 1, 1, 1, 208, 27, 134, 1, 1, 365, 1, 366, 227, 142, 363]"
Pregnant people should avoid all vaccines and checkups. Context is unclear.,1,"['pregnant', 'people', 'avoid', 'vaccines', 'checkups', 'context', 'unclear']","[265, 140, 266, 22, 267, 25, 26]"
Stop insulin and use bitter melon juice instead.,1,"['stop', 'insulin', 'use', 'bitter', 'melon', 'juice', 'instead']","[8, 367, 183, 368, 369, 370, 371]"
Lemon water prevents all cancer if taken every morning.,1,"['lemon', 'water', 'prevents', 'cancer', 'taken', 'every', 'morning']","[372, 7, 126, 73, 373, 127, 374]"
Hot water may kill coronavirus inside the throat.,1,"['hot', 'water', 'may', 'kill', 'coronavirus', 'inside', 'throat']","[375, 7, 77, 376, 377, 378, 379]"
"Most childhood fevers are viral, so medical advice is never needed.",0,"['childhood', 'fevers', 'viral', 'medical', 'advice', 'never', 'needed']","[218, 219, 220, 80, 221, 222, 106]"
Detox water removes all toxins from the body overnight.,1,"['detox', 'water', 'removes', 'toxins', 'body', 'overnight']","[295, 7, 296, 297, 298, 299]"
Ultrasound always harms the baby.,1,"['ultrasound', 'always', 'harms', 'baby']","[319, 48, 320, 195]"
The Delta variant is spreading rapidly in unvaccinated populations. Don't let Delta & other variants stop our progress in the fight against #COVID19. Get vaccinated and do your part to put COVID - 19 in the past.,0,"['delta', 'variant', 'spreading', 'rapidly', 'unvaccinated', 'populations', 'dont', 'let', 'delta', 'variants', 'stop', 'progress', 'fight', 'get', 'vaccinated', 'part', 'put', 'covid', 'past']","[152, 153, 380, 1, 355, 381, 382, 350, 152, 157, 8, 383, 356, 34, 142, 63, 384, 59, 385]"
"Health tip: Vaccines can cause mild fever, so they are unsafe for everyone.",0,"['health', 'tip', 'vaccines', 'cause', 'mild', 'fever', 'unsafe', 'everyone']","[62, 111, 22, 88, 345, 110, 291, 86]"
Ultrasound always harms the baby.,1,"['ultrasound', 'always', 'harms', 'baby']","[319, 48, 320, 195]"
"Breaking health advice: Insulin may cause low blood sugar, so patients should avoid it.",0,"['breaking', 'health', 'advice', 'insulin', 'may', 'cause', 'low', 'blood', 'sugar', 'patients', 'avoid']","[115, 62, 221, 367, 77, 88, 386, 52, 89, 181, 266]"
Hot water may kill coronavirus inside the throat.,1,"['hot', 'water', 'may', 'kill', 'coronavirus', 'inside', 'throat']","[375, 7, 77, 376, 377, 378, 379]"
Counties in states with statewide mask mandates were 43% less likely to have rapid increases in #COVID19 cases during the summer of 2020. Nonmetropolitan counties were 67% less likely. For more information see @AnnalsOfEpi: https://bit.ly/3qOqshn.,0,"['counties', 'states', 'statewide', 'mask', 'mandates', 'less', 'likely', 'rapid', 'increases', 'cases', 'summer', 'nonmetropolitan', 'counties', 'less', 'likely', 'information', 'see', 'annalsofepi']","[387, 124, 1, 388, 1, 389, 200, 390, 1, 149, 391, 1, 387, 389, 200, 143, 1, 1]"
"Doctor said online: Most young people recover from COVID, so prevention is unnecessary. Context is unclear.",0,"['doctor', 'said', 'online', 'young', 'people', 'recover', 'covid', 'prevention', 'unnecessary', 'context', 'unclear']","[16, 17, 18, 207, 140, 208, 59, 209, 210, 25, 26]"
“Anti-sex” beds created for Olympic athletes to prevent spread of COVID-19,1,"['antisex', 'beds', 'created', 'olympic', 'athletes', 'prevent', 'spread', 'covid']","[1, 1, 392, 393, 1, 394, 158, 59]"
Germany announced Covid-19 vaccines are not safe and would be stopped,1,"['germany', 'announced', 'covid', 'vaccines', 'safe', 'would', 'stopped']","[290, 333, 59, 22, 395, 309, 70]"
Aspirin prevents every heart attack for every adult.,1,"['aspirin', 'prevents', 'every', 'heart', 'attack', 'every', 'adult']","[125, 126, 127, 9, 10, 127, 128]"
"Antibiotics can cause side effects, so patients should never use them. Ask a clinician before acting.",0,"['antibiotics', 'cause', 'side', 'effects', 'patients', 'never', 'use', 'ask', 'clinician', 'acting']","[42, 88, 12, 13, 181, 222, 183, 268, 46, 269]"
Depression can be cured by stopping all psychiatric medication.,1,"['depression', 'cured', 'stopping', 'psychiatric', 'medication']","[101, 102, 103, 104, 105]"
"Some medications are risky in pregnancy, so all medicines must be stopped.",0,"['medications', 'risky', 'pregnancy', 'medicines', 'must', 'stopped']","[39, 67, 68, 31, 69, 70]"
Cinnamon alone can control blood sugar in all diabetes patients. #health #viral,1,"['cinnamon', 'alone', 'control', 'blood', 'sugar', 'diabetes', 'patients']","[178, 179, 180, 52, 89, 55, 181]"
Antibiotics cure all viral infections.,1,"['antibiotics', 'cure', 'viral', 'infections']","[42, 247, 220, 150]"
Reports that COVID-19 cases are surging in Florida are a “blatant lie.”,1,"['reports', 'covid', 'cases', 'surging', 'florida', 'blatant', 'lie']","[322, 59, 149, 396, 397, 1, 1]"
Claims the company that owns Dr Pepper issued a statement promising that its employees would not be required to get vaccinated for COVID-19.,1,"['claims', 'company', 'owns', 'dr', 'pepper', 'issued', 'statement', 'promising', 'employees', 'would', 'required', 'get', 'vaccinated', 'covid']","[398, 399, 1, 231, 1, 400, 401, 1, 402, 309, 403, 34, 142, 59]"
Teething always causes very high fever. Context is unclear.,1,"['teething', 'always', 'causes', 'high', 'fever', 'context', 'unclear']","[107, 48, 108, 109, 110, 25, 26]"
Do not take a baby with high fever to a dr; use home oil massage.,1,"['take', 'baby', 'high', 'fever', 'dr', 'use', 'home', 'oil', 'massage']","[15, 195, 109, 110, 231, 183, 196, 197, 198]"
Ultrasound always harms the baby.,1,"['ultrasound', 'always', 'harms', 'baby']","[319, 48, 320, 195]"
Vaccines are the most critical tool to end the #COVID19 pandemic but 73% of all doses have been administered in just 10 countries high-income countries have administered 61 times more doses/inhabitant than low-income countries,0,"['vaccines', 'critical', 'tool', 'end', 'pandemic', 'doses', 'administered', 'countries', 'highincome', 'countries', 'administered', 'times', 'dosesinhabitant', 'lowincome', 'countries']","[22, 404, 405, 282, 65, 243, 406, 407, 1, 407, 406, 408, 1, 409, 407]"
A vitamin drink works better than vaccines for general wellness. Context is unclear.,1,"['vitamin', 'drink', 'works', 'better', 'vaccines', 'general', 'wellness', 'context', 'unclear']","[19, 5, 20, 21, 22, 23, 24, 25, 26]"
"Insulin may cause low blood sugar, so patients should avoid it. Source not verified. #health #viral",0,"['insulin', 'may', 'cause', 'low', 'blood', 'sugar', 'patients', 'avoid', 'source', 'verified']","[367, 77, 88, 386, 52, 89, 181, 266, 257, 258]"
"#HCPs: MIS-C is a rare, but serious condition in children, adolescents, or young adults who have had #COVID19 in the past 6 weeks. CDC has new resources to help you diagnose and treat MIS-C. Learn more: https://bit.ly/3ClD5FP. #Pediatrics #HealthyChildren #Children #Adolescents",0,"['misc', 'rare', 'serious', 'condition', 'children', 'adolescents', 'young', 'adults', 'past', 'weeks', 'cdc', 'new', 'resources', 'help', 'diagnose', 'treat', 'misc', 'learn']","[410, 1, 411, 412, 351, 413, 207, 136, 385, 414, 27, 134, 415, 64, 318, 416, 410, 66]"
Do not take a baby with high fever to a doctor; use home oil massage.,1,"['take', 'baby', 'high', 'fever', 'doctor', 'use', 'home', 'oil', 'massage']","[15, 195, 109, 110, 16, 183, 196, 197, 198]"
"Most childhood fevers are viral, so medical advice is never needed. Context is unclear.",0,"['childhood', 'fevers', 'viral', 'medical', 'advice', 'never', 'needed', 'context', 'unclear']","[218, 219, 220, 80, 221, 222, 106, 25, 26]"
"COVID-19 vaccination violates the Universal Declaration on the Human Genome and Human Rights since it alters human DNA. Moreover, vaccination certificates required to cross borders violate international laws",1,"['covid', 'vaccination', 'violates', 'universal', 'declaration', 'human', 'genome', 'human', 'rights', 'since', 'alters', 'human', 'dna', 'moreover', 'vaccination', 'certificates', 'required', 'cross', 'borders', 'violate', 'international', 'laws']","[59, 122, 1, 121, 1, 361, 417, 361, 418, 419, 420, 361, 421, 1, 122, 1, 403, 1, 1, 1, 339, 422]"
"In a forum, a user wrote: Aspirin prevents every heart attack for every adult. Please verify with doctor.",1,"['forum', 'user', 'wrote', 'aspirin', 'prevents', 'every', 'heart', 'attack', 'every', 'adult', 'please', 'verify', 'doctor']","[82, 83, 84, 125, 126, 127, 9, 10, 127, 128, 57, 58, 16]"
Vaccines help the immune system recognize infections. #health #viral,0,"['vaccines', 'help', 'immune', 'system', 'recognize', 'infections']","[22, 64, 182, 352, 353, 150]"
Doctor said online: Cinnamon alone can control blood sugar in all diabetes patients. Please verify with doctor.,1,"['doctor', 'said', 'online', 'cinnamon', 'alone', 'control', 'blood', 'sugar', 'diabetes', 'patients', 'please', 'verify', 'doctor']","[16, 17, 18, 178, 179, 180, 52, 89, 55, 181, 57, 58, 16]"
Stop insulin and use bitter melon juice instead.,1,"['stop', 'insulin', 'use', 'bitter', 'melon', 'juice', 'instead']","[8, 367, 183, 368, 369, 370, 371]"
“Some of you are being injected with saline because it would look too suspicious if everybody died at the same time.”,1,"['injected', 'saline', 'would', 'look', 'suspicious', 'everybody', 'died', 'time']","[423, 424, 309, 425, 426, 427, 428, 33]"
Regular monitoring of blood glucose helps diabetes management!!!,0,"['regular', 'monitoring', 'blood', 'glucose', 'helps', 'diabetes', 'management']","[50, 51, 52, 53, 54, 55, 56]"
Hot water may kill coronavirus inside the throat. Please verify with doctor.,1,"['hot', 'water', 'may', 'kill', 'coronavirus', 'inside', 'throat', 'please', 'verify', 'doctor']","[375, 7, 77, 376, 377, 378, 379, 57, 58, 16]"
"The heads of the four organizations discussed the urgency of increasing supplies of #COVID19 vaccines, therapeutics and diagnostics for developing countries; and practical & effective ways to track, coordinate and advance delivery of COVID-19 vaccines to developing countries.",0,"['heads', 'four', 'organizations', 'discussed', 'urgency', 'increasing', 'supplies', 'vaccines', 'therapeutics', 'diagnostics', 'developing', 'countries', 'practical', 'effective', 'ways', 'track', 'coordinate', 'advance', 'delivery', 'covid', 'vaccines', 'developing', 'countries']","[1, 1, 429, 430, 1, 431, 1, 22, 1, 1, 432, 407, 1, 433, 434, 435, 1, 1, 436, 59, 22, 432, 407]"
Garlic water cures cancer completely without chemotherapy.,1,"['garlic', 'water', 'cures', 'cancer', 'completely', 'without', 'chemotherapy']","[71, 7, 72, 73, 74, 75, 47]"
"For some #COVID19 vaccines, you need 2 shots to get the most protection. The timing between shots depends on which one you receive. - Pfizer-BioNTech: 3 weeks (21 days) after your first shot - Moderna: 1 month (28 days) after your first shot More: https://bit.ly/2RfAtaM.",0,"['vaccines', 'need', 'shots', 'get', 'protection', 'timing', 'shots', 'depends', 'one', 'receive', 'pfizerbiontech', 'weeks', 'days', 'first', 'shot', 'moderna', 'month', 'days', 'first', 'shot']","[22, 288, 437, 34, 438, 439, 437, 440, 214, 441, 442, 414, 239, 443, 263, 360, 444, 239, 443, 263]"
A viral post says: Stop insulin and use bitter melon juice instead. No doctor needed.,1,"['viral', 'post', 'says', 'stop', 'insulin', 'use', 'bitter', 'melon', 'juice', 'instead', 'doctor', 'needed']","[220, 344, 145, 8, 367, 183, 368, 369, 370, 371, 16, 106]"
Severe chest pain may require urgent medical attention. #health #viral Context is unclear.,0,"['severe', 'chest', 'pain', 'may', 'require', 'urgent', 'medical', 'attention', 'context', 'unclear']","[76, 3, 4, 77, 78, 79, 80, 81, 25, 26]"
Says the Make-A-Wish Foundation will grant wishes only to fully vaccinated children.,1,"['says', 'makeawish', 'foundation', 'grant', 'wishes', 'fully', 'vaccinated', 'children']","[145, 1, 445, 1, 1, 227, 142, 351]"
"If you are not fully vaccinated against COVID-19, continue to wear a mask over your nose & mouth to prevent your germs from reaching others & to keep theirs from reaching you. #COVID19 spreads from person to person through respiratory droplets. Learn more: https://bit.ly/30QOzQF",0,"['fully', 'vaccinated', 'covid', 'continue', 'wear', 'mask', 'nose', 'mouth', 'prevent', 'germs', 'reaching', 'others', 'keep', 'reaching', 'spreads', 'person', 'person', 'respiratory', 'droplets', 'learn']","[227, 142, 59, 446, 447, 388, 348, 448, 394, 1, 449, 450, 451, 449, 154, 211, 211, 452, 1, 66]"
Garlic water cures cancer completely without chemotherapy!!! This may not apply to everyone!!!,1,"['garlic', 'water', 'cures', 'cancer', 'completely', 'without', 'chemotherapy', 'may', 'apply', 'everyone']","[71, 7, 72, 73, 74, 75, 47, 77, 85, 86]"
Many hospitals are overwhelmed with #COVID19 patients. A COVID-NET study shows unvaccinated people are 17x more likely to be hospitalized than fully vaccinated people. Get vaccinated to protect yourself and others & help reduce the strain on hospitals. vaccines.gov,0,"['many', 'hospitals', 'overwhelmed', 'patients', 'covidnet', 'study', 'shows', 'unvaccinated', 'people', 'x', 'likely', 'hospitalized', 'fully', 'vaccinated', 'people', 'get', 'vaccinated', 'protect', 'others', 'help', 'reduce', 'strain', 'hospitals', 'vaccinesgov']","[293, 453, 1, 181, 454, 321, 455, 355, 140, 456, 200, 457, 227, 142, 140, 34, 142, 199, 450, 64, 326, 458, 453, 1]"
Prenatal care helps monitor maternal and fetal health.,0,"['prenatal', 'care', 'helps', 'monitor', 'maternal', 'fetal', 'health']","[129, 130, 54, 131, 132, 133, 62]"
COVID-19 vaccines are provided at no cost only in India across the world.,1,"['covid', 'vaccines', 'provided', 'cost', 'india', 'across', 'world']","[59, 22, 459, 460, 346, 461, 462]"
Ignore chest pain and drink cold water to stop a heart attack.,1,"['ignore', 'chest', 'pain', 'drink', 'cold', 'water', 'stop', 'heart', 'attack']","[2, 3, 4, 5, 6, 7, 8, 9, 10]"
Ultrasound always harms the baby!!! Please verify with doctor!!!,1,"['ultrasound', 'always', 'harms', 'baby', 'please', 'verify', 'doctor']","[319, 48, 320, 195, 57, 58, 16]"
"We can prevent the third wave of COVID-19 by adhering to COVID appropriate behaviour and getting ourselves Vaccinated: Dr. Randeep Guleria, Director, AIIMS, New Delhi #COVIDGuruKool #Unite2FightCorona #COVIDSafeFestivities @PMOIndia @mansukhmandviya",0,"['prevent', 'third', 'wave', 'covid', 'adhering', 'covid', 'appropriate', 'behaviour', 'getting', 'vaccinated', 'dr', 'randeep', 'guleria', 'director', 'aiims', 'new', 'delhi', 'pmoindia', 'mansukhmandviya']","[394, 463, 464, 59, 1, 59, 1, 1, 141, 142, 231, 1, 1, 271, 272, 134, 1, 1, 465]"
Regular monitoring of blood glucose helps diabetes management.,0,"['regular', 'monitoring', 'blood', 'glucose', 'helps', 'diabetes', 'management']","[50, 51, 52, 53, 54, 55, 56]"
"Most young people recover from COVID, so prevention is unnecessary.",0,"['young', 'people', 'recover', 'covid', 'prevention', 'unnecessary']","[207, 140, 208, 59, 209, 210]"
Do not take a baby with high fever to a dr; use home oil massage.,1,"['take', 'baby', 'high', 'fever', 'dr', 'use', 'home', 'oil', 'massage']","[15, 195, 109, 110, 231, 183, 196, 197, 198]"
Early cancer screening can improve treatment outcomes. Many people are talking about this.,0,"['early', 'cancer', 'screening', 'improve', 'treatment', 'outcomes', 'many', 'people', 'talking']","[276, 73, 277, 278, 99, 279, 293, 140, 294]"
Garlic water cures cancer completely without chemotherapy. This is based on personal experience.,1,"['garlic', 'water', 'cures', 'cancer', 'completely', 'without', 'chemotherapy', 'based', 'personal', 'experience']","[71, 7, 72, 73, 74, 75, 47, 466, 467, 468]"
"When you receive a #COVID19 vaccine, it’s important to know when you are fully vaccinated. It’s not instant. COVID-19 vaccines teach our immune systems how to recognize and fight the virus that causes COVID-19. Learn more: https://bit.ly/3btJaFU ",0,"['receive', 'vaccine', 'important', 'know', 'fully', 'vaccinated', 'instant', 'covid', 'vaccines', 'teach', 'immune', 'systems', 'recognize', 'fight', 'virus', 'causes', 'covid', 'learn']","[441, 35, 469, 470, 227, 142, 1, 59, 22, 1, 182, 206, 353, 356, 281, 108, 59, 66]"
Pregnant people should avoid all vaccines and checkups. Context is unclear.,1,"['pregnant', 'people', 'avoid', 'vaccines', 'checkups', 'context', 'unclear']","[265, 140, 266, 22, 267, 25, 26]"
Vaccination can reduce the risk of severe COVID-19 outcomes.,0,"['vaccination', 'reduce', 'risk', 'severe', 'covid', 'outcomes']","[122, 326, 471, 76, 59, 279]"
“The WORLD HEALTH ORGANIZATION recently reversed its stance on children getting the Covid vaccine.”,1,"['world', 'health', 'organization', 'recently', 'reversed', 'stance', 'children', 'getting', 'covid', 'vaccine']","[462, 62, 472, 473, 474, 475, 351, 141, 59, 35]"
"Vaccines can cause mild fever, so they are unsafe for everyone. #health #viral Context is unclear.",0,"['vaccines', 'cause', 'mild', 'fever', 'unsafe', 'everyone', 'context', 'unclear']","[22, 88, 345, 110, 291, 86, 25, 26]"
Severe chest pain may require urgent medical attention.,0,"['severe', 'chest', 'pain', 'may', 'require', 'urgent', 'medical', 'attention']","[76, 3, 4, 77, 78, 79, 80, 81]"
A viral post says: Use leftover antibiotics whenever you feel feverish!!!,1,"['viral', 'post', 'says', 'use', 'leftover', 'antibiotics', 'whenever', 'feel', 'feverish']","[220, 344, 145, 183, 184, 42, 185, 186, 187]"
Vaccines permanently damage fertility and should be avoided.,1,"['vaccines', 'permanently', 'damage', 'fertility', 'avoided']","[22, 191, 192, 193, 93]"
"Most young people recover from COVID, so prevention is unnecessary.",0,"['young', 'people', 'recover', 'covid', 'prevention', 'unnecessary']","[207, 140, 208, 59, 209, 210]"
Canada prohibits all pilots who received COVID-19 vaccines from flying.,1,"['canada', 'prohibits', 'pilots', 'received', 'covid', 'vaccines', 'flying']","[1, 1, 476, 225, 59, 22, 1]"
Depression can be cured by stopping all psychiatric medication. #health #viral,1,"['depression', 'cured', 'stopping', 'psychiatric', 'medication']","[101, 102, 103, 104, 105]"
Says President Joe Biden told people to get vaccinated against COVID-19 to protect themselves from hurricanes.,1,"['says', 'president', 'joe', 'biden', 'told', 'people', 'get', 'vaccinated', 'covid', 'protect', 'hurricanes']","[145, 477, 328, 329, 1, 140, 34, 142, 59, 199, 1]"
Doctor said online: Garlic water cures cancer completely without chemotherapy. Context is unclear.,1,"['doctor', 'said', 'online', 'garlic', 'water', 'cures', 'cancer', 'completely', 'without', 'chemotherapy', 'context', 'unclear']","[16, 17, 18, 71, 7, 72, 73, 74, 75, 47, 25, 26]"
Real-world data on mRNA #COVID19 vaccines show two doses offer better protection than one. Follow up for your second dose to get the most benefit. Learn more: https://bit.ly/39KCHEh ,0,"['realworld', 'data', 'mrna', 'vaccines', 'show', 'two', 'doses', 'offer', 'better', 'protection', 'one', 'follow', 'second', 'dose', 'get', 'benefit', 'learn']","[234, 324, 238, 22, 236, 478, 243, 479, 21, 438, 214, 480, 481, 226, 34, 1, 66]"
Lemon water prevents all cancer if taken every morning. Ask a clinician before acting.,1,"['lemon', 'water', 'prevents', 'cancer', 'taken', 'every', 'morning', 'ask', 'clinician', 'acting']","[372, 7, 126, 73, 373, 127, 374, 268, 46, 269]"
Teething always causes very high fever. Please verify with doctor.,1,"['teething', 'always', 'causes', 'high', 'fever', 'please', 'verify', 'doctor']","[107, 48, 108, 109, 110, 57, 58, 16]"
"A new report finds that obesity, diabetes with complication, and the presence of multiple chronic conditions were the strongest chronic risk factors for death from #COVID19 among hospitalized adults. Learn more: https://bit.ly/3juvcrD.",0,"['new', 'report', 'finds', 'obesity', 'diabetes', 'complication', 'presence', 'multiple', 'chronic', 'conditions', 'strongest', 'chronic', 'risk', 'factors', 'death', 'among', 'hospitalized', 'adults', 'learn']","[134, 482, 166, 100, 55, 1, 1, 483, 484, 176, 1, 484, 471, 485, 347, 151, 457, 136, 66]"
Positive thinking alone cures clinical depression. Many people are talking about this.,1,"['positive', 'thinking', 'alone', 'cures', 'clinical', 'depression', 'many', 'people', 'talking']","[168, 232, 179, 72, 194, 101, 293, 140, 294]"
"Some medications are risky in pregnancy, so all medicines must be stopped. Please verify with doctor.",0,"['medications', 'risky', 'pregnancy', 'medicines', 'must', 'stopped', 'please', 'verify', 'doctor']","[39, 67, 68, 31, 69, 70, 57, 58, 16]"
"Teachers, staff, & students should continue practicing #COVID19 precautions in schools for the rest of the 2020-21 school year, even if they’ve been fully vaccinated against COVID-19. Wear a mask, stay 6 ft from others, & wash hands often. More: https://bit.ly/3yYyRmI.",0,"['teachers', 'staff', 'students', 'continue', 'practicing', 'precautions', 'schools', 'rest', 'school', 'year', 'even', 'theyve', 'fully', 'vaccinated', 'covid', 'wear', 'mask', 'stay', 'ft', 'others', 'wash', 'hands', 'often']","[486, 487, 488, 446, 1, 489, 490, 1, 491, 492, 493, 494, 227, 142, 59, 447, 388, 495, 496, 450, 1, 1, 497]"
Detox water removes all toxins from the body overnight.,1,"['detox', 'water', 'removes', 'toxins', 'body', 'overnight']","[295, 7, 296, 297, 298, 299]"
"As of July 12, national forecasts predict 54,000–383,000 new #COVID19 cases will likely be reported during the week ending August 7. More: http://bit.ly/CDC_CForecast.",0,"['july', 'national', 'forecasts', 'predict', 'new', 'cases', 'likely', 'reported', 'week', 'ending', 'august']","[223, 304, 305, 306, 134, 149, 200, 169, 308, 212, 498]"
Someone claimed: Vaccines permanently damage fertility and should be avoided. Please verify with doctor.,1,"['someone', 'claimed', 'vaccines', 'permanently', 'damage', 'fertility', 'avoided', 'please', 'verify', 'doctor']","[229, 230, 22, 191, 192, 193, 93, 57, 58, 16]"
"Some people with disabilities might be at increased risk for getting very sick with #COVID19. If you have a disability, it’s important for you to get vaccinated as soon as you can. If you have a care provider, they should also get vaccinated. More: https://bit.ly/2P6j9nh.",0,"['people', 'disabilities', 'might', 'increased', 'risk', 'getting', 'sick', 'disability', 'important', 'get', 'vaccinated', 'soon', 'care', 'provider', 'also', 'get', 'vaccinated']","[140, 499, 1, 500, 471, 141, 501, 1, 469, 34, 142, 159, 130, 38, 1, 34, 142]"
Skipping dinner is the best treatment for obesity in everyone. Source not verified.,1,"['skipping', 'dinner', 'best', 'treatment', 'obesity', 'everyone', 'source', 'verified']","[96, 97, 98, 99, 100, 86, 257, 258]"
Health tip: Ultrasound always harms the baby.,1,"['health', 'tip', 'ultrasound', 'always', 'harms', 'baby']","[62, 111, 319, 48, 320, 195]"
"#NEW: CDC has a #COVID19 toolkit available for K-12 school administrators. Resources include a guide for addressing cases in schools, case and contact notification letter templates, and more. Find the toolkit here: https://bit.ly/2VFDV0y.",0,"['cdc', 'toolkit', 'available', 'k', 'school', 'administrators', 'resources', 'include', 'guide', 'addressing', 'cases', 'schools', 'case', 'contact', 'notification', 'letter', 'templates', 'find', 'toolkit']","[27, 502, 503, 1, 491, 504, 415, 505, 1, 1, 149, 490, 506, 507, 1, 508, 1, 509, 502]"
Vaccination can reduce the risk of severe COVID-19 outcomes!!!,0,"['vaccination', 'reduce', 'risk', 'severe', 'covid', 'outcomes']","[122, 326, 471, 76, 59, 279]"
Garlic water cures cancer completely without chemotherapy.,1,"['garlic', 'water', 'cures', 'cancer', 'completely', 'without', 'chemotherapy']","[71, 7, 72, 73, 74, 75, 47]"
Do not take a baby with high fever to a doctor; use home oil massage. This may not apply to everyone.,1,"['take', 'baby', 'high', 'fever', 'doctor', 'use', 'home', 'oil', 'massage', 'may', 'apply', 'everyone']","[15, 195, 109, 110, 16, 183, 196, 197, 198, 77, 85, 86]"
The Delta variant is an example of how the virus that causes #COVID19 can change as it spreads. Get vaccinated against COVID-19 to help stop the spread in your community: http://vaccines.gov.,0,"['delta', 'variant', 'example', 'virus', 'causes', 'change', 'spreads', 'get', 'vaccinated', 'covid', 'help', 'stop', 'spread', 'community']","[152, 153, 1, 281, 108, 510, 154, 34, 142, 59, 64, 8, 158, 511]"
Prenatal care helps monitor maternal and fetal health. Please verify with dr.,0,"['prenatal', 'care', 'helps', 'monitor', 'maternal', 'fetal', 'health', 'please', 'verify', 'dr']","[129, 130, 54, 131, 132, 133, 62, 57, 58, 231]"
President Joe Biden ordered the Department of Veterans Affairs (VA) to withhold benefits from veterans who have not received COVID-19 vaccinations,1,"['president', 'joe', 'biden', 'ordered', 'department', 'veterans', 'affairs', 'va', 'withhold', 'benefits', 'veterans', 'received', 'covid', 'vaccinations']","[477, 328, 329, 1, 253, 512, 1, 1, 1, 513, 512, 225, 59, 285]"
Skipping dinner is the best treatment for obesity in everyone.,1,"['skipping', 'dinner', 'best', 'treatment', 'obesity', 'everyone']","[96, 97, 98, 99, 100, 86]"
"On May 10, the FDA expanded its Emergency Use Authorization for the use of Pfizer-BioNTech’s #COVID19 vaccine for adolescents ages 12-15. You can now view vaccination demographic data for this age group on CDC’s COVID Data Tracker: http://bit.ly/vaxdems.",0,"['may', 'fda', 'expanded', 'emergency', 'use', 'authorization', 'use', 'pfizerbiontechs', 'vaccine', 'adolescents', 'ages', 'view', 'vaccination', 'demographic', 'data', 'age', 'group', 'cdcs', 'covid', 'data', 'tracker']","[77, 332, 1, 514, 183, 515, 183, 516, 35, 413, 517, 518, 122, 1, 324, 519, 520, 146, 59, 324, 521]"
Vaccines permanently damage fertility and should be avoided. Many people are talking about this.,1,"['vaccines', 'permanently', 'damage', 'fertility', 'avoided', 'many', 'people', 'talking']","[22, 191, 192, 193, 93, 293, 140, 294]"
Stop taking prescribed medicine and inhale steam to cure COVID completely.,1,"['stop', 'taking', 'prescribed', 'medicine', 'inhale', 'steam', 'cure', 'covid', 'completely']","[8, 41, 44, 244, 245, 246, 247, 59, 74]"
Garlic water cures cancer completely without chemotherapy!!!,1,"['garlic', 'water', 'cures', 'cancer', 'completely', 'without', 'chemotherapy']","[71, 7, 72, 73, 74, 75, 47]"
"Insulin may cause low blood sugar, so patients should avoid it. Context is unclear.",0,"['insulin', 'may', 'cause', 'low', 'blood', 'sugar', 'patients', 'avoid', 'context', 'unclear']","[367, 77, 88, 386, 52, 89, 181, 266, 25, 26]"
Health tip: Ultrasound always harms the baby. #health #viral,1,"['health', 'tip', 'ultrasound', 'always', 'harms', 'baby']","[62, 111, 319, 48, 320, 195]"
NFC phones scan vaccination by applying the phone to hand.,1,"['nfc', 'phones', 'scan', 'vaccination', 'applying', 'phone', 'hand']","[1, 1, 1, 122, 1, 1, 1]"
Cases related to Delta and other variants are rising in the U.S. CDC and its partners analyze #COVID19 testing specimens to better understand different variants. For more information: https://bit.ly/3xK25F8.,0,"['cases', 'related', 'delta', 'variants', 'rising', 'us', 'cdc', 'partners', 'analyze', 'testing', 'specimens', 'better', 'understand', 'different', 'variants', 'information']","[149, 522, 152, 157, 523, 117, 27, 524, 1, 314, 1, 21, 1, 323, 157, 143]"
"Vaccines can cause mild fever, so they are unsafe for everyone.",0,"['vaccines', 'cause', 'mild', 'fever', 'unsafe', 'everyone']","[22, 88, 345, 110, 291, 86]"
"Some medications are risky in pregnancy, so all medicins must be stopped.",0,"['medications', 'risky', 'pregnancy', 'medicins', 'must', 'stopped']","[39, 67, 68, 525, 69, 70]"
“FEMA forcibly vaccinating Ida evacuees.”,1,"['fema', 'forcibly', 'vaccinating', 'ida', 'evacuees']","[1, 1, 1, 1, 1]"
Vaccine against COVID- 19 is dangerous and ineffective because it does not protect against the Delta strain,1,"['vaccine', 'covid', 'dangerous', 'ineffective', 'protect', 'delta', 'strain']","[35, 59, 526, 338, 199, 152, 458]"
Aspirin prevents every heart attack for every adult.,1,"['aspirin', 'prevents', 'every', 'heart', 'attack', 'every', 'adult']","[125, 126, 127, 9, 10, 127, 128]"
Forwarded message: Stop insulin and use bitter melon juice instead. #health #viral,1,"['forwarded', 'message', 'stop', 'insulin', 'use', 'bitter', 'melon', 'juice', 'instead']","[274, 275, 8, 367, 183, 368, 369, 370, 371]"
"Antidepressants can have side effects, so nobody should take them. Please verify with doctor.",0,"['antidepressants', 'side', 'effects', 'nobody', 'take', 'please', 'verify', 'doctor']","[11, 12, 13, 14, 15, 57, 58, 16]"
A viral post says: Antibiotics should be used as prescribed by a qualified clinician. #health #viral,0,"['viral', 'post', 'says', 'antibiotics', 'used', 'prescribed', 'qualified', 'clinician']","[220, 344, 145, 42, 43, 44, 45, 46]"
Health tip: Use leftover antibiotics whenever you feel feverish.,1,"['health', 'tip', 'use', 'leftover', 'antibiotics', 'whenever', 'feel', 'feverish']","[62, 111, 183, 184, 42, 185, 186, 187]"
Use leftover antibiotics whenever you feel feverish. Context is unclear.,1,"['use', 'leftover', 'antibiotics', 'whenever', 'feel', 'feverish', 'context', 'unclear']","[183, 184, 42, 185, 186, 187, 25, 26]"
Lemon water prevents all cancer if taken every morning.,1,"['lemon', 'water', 'prevents', 'cancer', 'taken', 'every', 'morning']","[372, 7, 126, 73, 373, 127, 374]"
"The Mental Health Association of Essex & Morris in #NJ increased vaccine confidence by educating staff on #COVID19 vaccines early, tailoring education materials to patient needs & bringing vaccines to patients and the wider community. More: https://bit.ly/3rmnhyh",0,"['mental', 'health', 'association', 'essex', 'morris', 'increased', 'vaccine', 'confidence', 'educating', 'staff', 'vaccines', 'early', 'tailoring', 'education', 'materials', 'patient', 'needs', 'bringing', 'vaccines', 'patients', 'wider', 'community']","[527, 62, 1, 1, 1, 500, 35, 528, 1, 487, 22, 276, 1, 529, 1, 1, 1, 1, 22, 181, 1, 511]"
Lemon water prevents all cancer if taken every morning. Please verify with doctor.,1,"['lemon', 'water', 'prevents', 'cancer', 'taken', 'every', 'morning', 'please', 'verify', 'doctor']","[372, 7, 126, 73, 373, 127, 374, 57, 58, 16]"
Breaking health advice: Detox water removes all toxins from the body overnight. Context is unclear.,1,"['breaking', 'health', 'advice', 'detox', 'water', 'removes', 'toxins', 'body', 'overnight', 'context', 'unclear']","[115, 62, 221, 295, 7, 296, 297, 298, 299, 25, 26]"
"Some medications are risky in pregnancy, so all medicines must be stopped. #health #viral",0,"['medications', 'risky', 'pregnancy', 'medicines', 'must', 'stopped']","[39, 67, 68, 31, 69, 70]"
943 innocent kids are now injured or dead because of the COVID-19 vaccine,1,"['innocent', 'kids', 'injured', 'dead', 'covid', 'vaccine']","[1, 530, 531, 532, 59, 35]"
COVID-19 testing is part of a Bar Code for Life initiative that will put chips in people's brains,1,"['covid', 'testing', 'part', 'bar', 'code', 'life', 'initiative', 'put', 'chips', 'peoples', 'brains']","[59, 314, 63, 1, 533, 61, 1, 384, 1, 534, 1]"
"Some medications are risky in pregnancy, so all medicines must be stopped. Context is unclear.",0,"['medications', 'risky', 'pregnancy', 'medicines', 'must', 'stopped', 'context', 'unclear']","[39, 67, 68, 31, 69, 70, 25, 26]"
"Antibiotics can cause side effects, so patients should never use them.",0,"['antibiotics', 'cause', 'side', 'effects', 'patients', 'never', 'use']","[42, 88, 12, 13, 181, 222, 183]"
Do not take a baby with high fever to a doctor; use home oil massage.,1,"['take', 'baby', 'high', 'fever', 'doctor', 'use', 'home', 'oil', 'massage']","[15, 195, 109, 110, 16, 183, 196, 197, 198]"
Doctor said online: Stop taking prescribed medicine and inhale steam to cure COVID completely. This may not apply to everyone. Context is unclear.,1,"['doctor', 'said', 'online', 'stop', 'taking', 'prescribed', 'medicine', 'inhale', 'steam', 'cure', 'covid', 'completely', 'may', 'apply', 'everyone', 'context', 'unclear']","[16, 17, 18, 8, 41, 44, 244, 245, 246, 247, 59, 74, 77, 85, 86, 25, 26]"
"Antibiotics can cause side effects, so patients should never use them. Please verify with doctor.",0,"['antibiotics', 'cause', 'side', 'effects', 'patients', 'never', 'use', 'please', 'verify', 'doctor']","[42, 88, 12, 13, 181, 222, 183, 57, 58, 16]"
"Antibiotics can cause side effects, so patients shud never use them.",0,"['antibiotics', 'cause', 'side', 'effects', 'patients', 'shud', 'never', 'use']","[42, 88, 12, 13, 181, 273, 222, 183]"
Garlic water cures cancer completely without chemotherapy.,1,"['garlic', 'water', 'cures', 'cancer', 'completely', 'without', 'chemotherapy']","[71, 7, 72, 73, 74, 75, 47]"
#HCPs: Take advantage of the 15-minute post-vaccination observation period to encourage parents to register their adolescent children for v-safe so they can report side effects from a #COVID19 vaccine & get reminders if a 2nd dose is needed. Learn more: https://bit.ly/3gNkdpZ,0,"['take', 'advantage', 'minute', 'postvaccination', 'observation', 'period', 'encourage', 'parents', 'register', 'adolescent', 'children', 'vsafe', 'report', 'side', 'effects', 'vaccine', 'get', 'reminders', 'nd', 'dose', 'needed', 'learn']","[15, 1, 535, 1, 536, 537, 538, 539, 1, 540, 351, 541, 482, 12, 13, 35, 34, 1, 240, 226, 106, 66]"
"In a forum, a user wrote: Detox water removes all toxins from the body overnight. Please verify with doctor.",1,"['forum', 'user', 'wrote', 'detox', 'water', 'removes', 'toxins', 'body', 'overnight', 'please', 'verify', 'doctor']","[82, 83, 84, 295, 7, 296, 297, 298, 299, 57, 58, 16]"
Health tip: Teething always causes very high fever.,1,"['health', 'tip', 'teething', 'always', 'causes', 'high', 'fever']","[62, 111, 107, 48, 108, 109, 110]"
Hot water may kill coronavirus inside the throat!!! Many people are talking about this!!!,1,"['hot', 'water', 'may', 'kill', 'coronavirus', 'inside', 'throat', 'many', 'people', 'talking']","[375, 7, 77, 376, 377, 378, 379, 293, 140, 294]"
Report: Vaccine related deaths may rival recorded COVID-19 deaths.,1,"['report', 'vaccine', 'related', 'deaths', 'may', 'rival', 'recorded', 'covid', 'deaths']","[482, 35, 522, 307, 77, 1, 1, 59, 307]"
#COVID19 vaccination is safe and effective for adolescents and recommended for everyone age 12 years and older. Get your adolescent vaccinated now for protection when school starts.,0,"['vaccination', 'safe', 'effective', 'adolescents', 'recommended', 'everyone', 'age', 'years', 'older', 'get', 'adolescent', 'vaccinated', 'protection', 'school', 'starts']","[122, 395, 433, 413, 292, 86, 519, 542, 174, 34, 540, 142, 438, 491, 1]"
Prenatal care helps monitor maternal and fetal health. Please verify with doctor. Context is unclear.,0,"['prenatal', 'care', 'helps', 'monitor', 'maternal', 'fetal', 'health', 'please', 'verify', 'doctor', 'context', 'unclear']","[129, 130, 54, 131, 132, 133, 62, 57, 58, 16, 25, 26]"
Lemon water prevents all cancer if taken every morning. Please verify with doctor. No doctor needed.,1,"['lemon', 'water', 'prevents', 'cancer', 'taken', 'every', 'morning', 'please', 'verify', 'doctor', 'doctor', 'needed']","[372, 7, 126, 73, 373, 127, 374, 57, 58, 16, 16, 106]"
Lemon water prevents all cancer if taken every morning. Share this with family.,1,"['lemon', 'water', 'prevents', 'cancer', 'taken', 'every', 'morning', 'share', 'family']","[372, 7, 126, 73, 373, 127, 374, 94, 95]"
The SARS-CoV-2 virus is imported by helicopters.,1,"['sarscov', 'virus', 'imported', 'helicopters']","[156, 281, 1, 1]"
Patent application for Chinese COVID-19 vaccine demonstrates vaccines with graphene oxide.,1,"['patent', 'application', 'chinese', 'covid', 'vaccine', 'demonstrates', 'vaccines', 'graphene', 'oxide']","[543, 1, 1, 59, 35, 1, 22, 544, 545]"
"SARS-CoV-2 is graphene, vaccines carry graphene and 5G will kill tens of thousands of Spaniards.",1,"['sarscov', 'graphene', 'vaccines', 'carry', 'graphene', 'g', 'kill', 'tens', 'thousands', 'spaniards']","[156, 544, 22, 1, 544, 546, 376, 1, 547, 1]"
"WHO, John Hopkins University, World Economic Forum, and Bill & Melinda Gates Foundation have jointly created a list of different Covid-19 variants along with their 'launch dates'.",1,"['john', 'hopkins', 'university', 'world', 'economic', 'forum', 'bill', 'melinda', 'gates', 'foundation', 'jointly', 'created', 'list', 'different', 'covid', 'variants', 'along', 'launch', 'dates']","[1, 1, 548, 462, 1, 82, 549, 1, 550, 445, 1, 392, 1, 323, 59, 157, 551, 552, 553]"
"The danger of the COVID-19 is greatly exaggerated, people die “from pure fear.”",1,"['danger', 'covid', 'greatly', 'exaggerated', 'people', 'die', 'pure', 'fear']","[1, 59, 1, 1, 140, 554, 1, 1]"
"Many racial & ethnic minority groups may face barriers to #COVID19 vaccines. Health equity occurs when everyone has fair access to health, including vaccines to stay healthy, like COVID-19 and flu vaccines. Learn more about CDC’s Health Equity in Action: https://bit.ly/3uHcmQk",0,"['many', 'racial', 'ethnic', 'minority', 'groups', 'may', 'face', 'barriers', 'vaccines', 'health', 'equity', 'occurs', 'everyone', 'fair', 'access', 'health', 'including', 'vaccines', 'stay', 'healthy', 'like', 'covid', 'flu', 'vaccines', 'learn', 'cdcs', 'health', 'equity', 'action']","[293, 1, 1, 1, 555, 77, 1, 556, 22, 62, 557, 1, 86, 1, 558, 62, 559, 22, 495, 560, 364, 59, 262, 22, 66, 146, 62, 557, 1]"
Ignore chest pain and drink cold water to stop a heart attack. Please verify with doctor.,1,"['ignore', 'chest', 'pain', 'drink', 'cold', 'water', 'stop', 'heart', 'attack', 'please', 'verify', 'doctor']","[2, 3, 4, 5, 6, 7, 8, 9, 10, 57, 58, 16]"
"Someone claimed: Chemotherapy has side effects, so it should always be refused. Please verify with doctor.",0,"['someone', 'claimed', 'chemotherapy', 'side', 'effects', 'always', 'refused', 'please', 'verify', 'doctor']","[229, 230, 47, 12, 13, 48, 49, 57, 58, 16]"
COVID-19 vaccines are only provisionally approved in Australia while there is a state of emergency. They cannot be administered when the emergency ends.,1,"['covid', 'vaccines', 'provisionally', 'approved', 'australia', 'state', 'emergency', 'cannot', 'administered', 'emergency', 'ends']","[59, 22, 1, 561, 354, 248, 514, 562, 406, 514, 1]"
Stop insulin and use bitter melon juice instead.,1,"['stop', 'insulin', 'use', 'bitter', 'melon', 'juice', 'instead']","[8, 367, 183, 368, 369, 370, 371]"
ICMR-NIV developed sensitive and cost effective RT-LAMP technology for rapid diagnosis of SARS-CoV-2. @DeptHealthRes@icmr_niv#IndiaFightsCorona,0,"['icmrniv', 'developed', 'sensitive', 'cost', 'effective', 'rtlamp', 'technology', 'rapid', 'diagnosis', 'sarscov', 'depthealthresicmrniv']","[1, 313, 1, 460, 433, 1, 563, 390, 1, 156, 1]"
Vaccines permanently damage fertility and should be avoided!!!,1,"['vaccines', 'permanently', 'damage', 'fertility', 'avoided']","[22, 191, 192, 193, 93]"
CDC issues new awards for innovative research into the use of #genomic #sequencing to investigate the evolution and spread of the SARS-CoV-2 virus in communities and populations. https://bit.ly/3jTxWPv ,0,"['cdc', 'issues', 'new', 'awards', 'innovative', 'research', 'use', 'investigate', 'evolution', 'spread', 'sarscov', 'virus', 'communities', 'populations']","[27, 1, 134, 1, 1, 564, 183, 1, 1, 158, 156, 281, 565, 381]"
Health tip: Hot water may kill coronavirus inside the throat. No doctor needed.,1,"['health', 'tip', 'hot', 'water', 'may', 'kill', 'coronavirus', 'inside', 'throat', 'doctor', 'needed']","[62, 111, 375, 7, 77, 376, 377, 378, 379, 16, 106]"
"Antibiotics can cause side effects, so patients should never use them. Context is unclear.",0,"['antibiotics', 'cause', 'side', 'effects', 'patients', 'never', 'use', 'context', 'unclear']","[42, 88, 12, 13, 181, 222, 183, 25, 26]"
"Antidepressants can have side effects, so nobody should take them!!!",0,"['antidepressants', 'side', 'effects', 'nobody', 'take']","[11, 12, 13, 14, 15]"
Forwarded message: Stop taking prescribed medicine and inhale steam to cure COVID completely!!! Ask a clinician before acting!!! #health #viral,1,"['forwarded', 'message', 'stop', 'taking', 'prescribed', 'medicine', 'inhale', 'steam', 'cure', 'covid', 'completely', 'ask', 'clinician', 'acting']","[274, 275, 8, 41, 44, 244, 245, 246, 247, 59, 74, 268, 46, 269]"
Actress Mayim Bialik “refuses to vaccinate” against COVID-19.,1,"['actress', 'mayim', 'bialik', 'refuses', 'vaccinate', 'covid']","[566, 567, 568, 569, 570, 59]"
Antibiotics cure all viral infections. Context is unclear.,1,"['antibiotics', 'cure', 'viral', 'infections', 'context', 'unclear']","[42, 247, 220, 150, 25, 26]"
"Forwarded message: Insulin may cause low blood sugar, so patients should avoid it. Please verify with doctor.",0,"['forwarded', 'message', 'insulin', 'may', 'cause', 'low', 'blood', 'sugar', 'patients', 'avoid', 'please', 'verify', 'doctor']","[274, 275, 367, 77, 88, 386, 52, 89, 181, 266, 57, 58, 16]"
Pregnant people should avoid all vaccines and checkups!!! Please verify with doctor!!!,1,"['pregnant', 'people', 'avoid', 'vaccines', 'checkups', 'please', 'verify', 'doctor']","[265, 140, 266, 22, 267, 57, 58, 16]"
Positive thinking alone cures clinical depression!!! Please verify with doctor!!!,1,"['positive', 'thinking', 'alone', 'cures', 'clinical', 'depression', 'please', 'verify', 'doctor']","[168, 232, 179, 72, 194, 101, 57, 58, 16]"
A balanced diet supports general health. Many people are talking about this.,0,"['balanced', 'diet', 'supports', 'general', 'health', 'many', 'people', 'talking']","[112, 113, 114, 23, 62, 293, 140, 294]"
A vitamin drink works better than vaccines for general wellness. Please verify with doctor.,1,"['vitamin', 'drink', 'works', 'better', 'vaccines', 'general', 'wellness', 'please', 'verify', 'doctor']","[19, 5, 20, 21, 22, 23, 24, 57, 58, 16]"
"Sugar contributes calories, so fruit should be completely avoided.",0,"['sugar', 'contributes', 'calories', 'fruit', 'completely', 'avoided']","[89, 90, 91, 92, 74, 93]"
COVID-19 vaccines didn't pass animal studies,1,"['covid', 'vaccines', 'didnt', 'pass', 'animal', 'studies']","[59, 22, 1, 1, 1, 235]"
Severe chest pain may require urgent medical attention. Context is unclear.,0,"['severe', 'chest', 'pain', 'may', 'require', 'urgent', 'medical', 'attention', 'context', 'unclear']","[76, 3, 4, 77, 78, 79, 80, 81, 25, 26]"
Cinnamon alone can control blood sugar in all diabetes patients. Context is unclear.,1,"['cinnamon', 'alone', 'control', 'blood', 'sugar', 'diabetes', 'patients', 'context', 'unclear']","[178, 179, 180, 52, 89, 55, 181, 25, 26]"
Aspirin prevents every heart attack for every adult. This may not apply to everyone.,1,"['aspirin', 'prevents', 'every', 'heart', 'attack', 'every', 'adult', 'may', 'apply', 'everyone']","[125, 126, 127, 9, 10, 127, 128, 77, 85, 86]"
Do not take a baby with high fever to a doctor; use home oil massage!!!,1,"['take', 'baby', 'high', 'fever', 'doctor', 'use', 'home', 'oil', 'massage']","[15, 195, 109, 110, 16, 183, 196, 197, 198]"
CDC test adds influenza cases to COVID-19 tally,1,"['cdc', 'test', 'adds', 'influenza', 'cases', 'covid', 'tally']","[27, 87, 188, 189, 149, 59, 190]"
Forwarded message: Regular monitoring of blood glucose helps diabetes management.,0,"['forwarded', 'message', 'regular', 'monitoring', 'blood', 'glucose', 'helps', 'diabetes', 'management']","[274, 275, 50, 51, 52, 53, 54, 55, 56]"
"A viral post says: Most childhood fevers are viral, so medical advice is never needed. Source not verified.",0,"['viral', 'post', 'says', 'childhood', 'fevers', 'viral', 'medical', 'advice', 'never', 'needed', 'source', 'verified']","[220, 344, 145, 218, 219, 220, 80, 221, 222, 106, 257, 258]"
"Breaking health advice: Sugar contributes calories, so fruit should be completely avoided.",0,"['breaking', 'health', 'advice', 'sugar', 'contributes', 'calories', 'fruit', 'completely', 'avoided']","[115, 62, 221, 89, 90, 91, 92, 74, 93]"
"If you are not fully vaccinated against #COVID19, celebrate with people who live with you, have a virtual meal with family, or host an outdoor event. More: https://bit.ly/3n6X3x4.",0,"['fully', 'vaccinated', 'celebrate', 'people', 'live', 'virtual', 'meal', 'family', 'host', 'outdoor', 'event']","[227, 142, 1, 140, 571, 1, 1, 95, 1, 572, 300]"
"Even when you're fully vaccinated against #COVID19, some family members, such as children too young to get vaccinated, still need to take steps to stay protected. Read ways to help protect those family members: https://bit.ly/3hRABrD.",0,"['even', 'youre', 'fully', 'vaccinated', 'family', 'members', 'children', 'young', 'get', 'vaccinated', 'still', 'need', 'take', 'steps', 'stay', 'protected', 'read', 'ways', 'help', 'protect', 'family', 'members']","[493, 40, 227, 142, 95, 573, 351, 207, 34, 142, 203, 288, 15, 574, 495, 575, 260, 434, 64, 199, 95, 573]"
"Pablo Casado, leader of the opposition in Spain, has been vaccinated with the needle cap in place.",1,"['pablo', 'casado', 'leader', 'opposition', 'spain', 'vaccinated', 'needle', 'cap', 'place']","[576, 577, 578, 579, 580, 142, 581, 582, 583]"
A vitamin drink works better than vaccines for general wellness.,1,"['vitamin', 'drink', 'works', 'better', 'vaccines', 'general', 'wellness']","[19, 5, 20, 21, 22, 23, 24]"
Aspirin prevents every heart attack for every adult. Context is unclear.,1,"['aspirin', 'prevents', 'every', 'heart', 'attack', 'every', 'adult', 'context', 'unclear']","[125, 126, 127, 9, 10, 127, 128, 25, 26]"
Lemon water prevents all cancer if taken every morning.,1,"['lemon', 'water', 'prevents', 'cancer', 'taken', 'every', 'morning']","[372, 7, 126, 73, 373, 127, 374]"
Antibiotics should be used as prescribed by a qualified clinician.,0,"['antibiotics', 'used', 'prescribed', 'qualified', 'clinician']","[42, 43, 44, 45, 46]"
A viral post says: Regular monitoring of blood glucose helps diabetes management.,0,"['viral', 'post', 'says', 'regular', 'monitoring', 'blood', 'glucose', 'helps', 'diabetes', 'management']","[220, 344, 145, 50, 51, 52, 53, 54, 55, 56]"
"#DYK? CDC’s COVID Data Tracker allows you to view trends in hospitalizations and disease severity among patients hospitalized with #COVID19. Explore trends broken down by age group, sex, ICU admissions, and more. Learn more: http://bit.ly/CDThospital ",0,"['cdcs', 'covid', 'data', 'tracker', 'allows', 'view', 'trends', 'hospitalizations', 'disease', 'severity', 'among', 'patients', 'hospitalized', 'explore', 'trends', 'broken', 'age', 'group', 'sex', 'icu', 'admissions', 'learn']","[146, 59, 324, 521, 584, 518, 585, 586, 587, 1, 151, 181, 457, 1, 585, 1, 519, 520, 1, 1, 1, 66]"
A vitamin drink works better than vaccines for general wellness. Please verify with doctor. Share this with family.,1,"['vitamin', 'drink', 'works', 'better', 'vaccines', 'general', 'wellness', 'please', 'verify', 'doctor', 'share', 'family']","[19, 5, 20, 21, 22, 23, 24, 57, 58, 16, 94, 95]"
Those who are vaccinated need to use blood thinners.,1,"['vaccinated', 'need', 'use', 'blood', 'thinners']","[142, 288, 183, 52, 588]"
Forwarded message: Early cancer screening can improve treatment outcomes. Many people are talking about this.,0,"['forwarded', 'message', 'early', 'cancer', 'screening', 'improve', 'treatment', 'outcomes', 'many', 'people', 'talking']","[274, 275, 276, 73, 277, 278, 99, 279, 293, 140, 294]"
Use leftover antibiotics whenever you feel feverish. Please verify with doctor.,1,"['use', 'leftover', 'antibiotics', 'whenever', 'feel', 'feverish', 'please', 'verify', 'doctor']","[183, 184, 42, 185, 186, 187, 57, 58, 16]"
Breaking health advice: Lemon water prevents all cancer if taken every morning. Context is unclear.,1,"['breaking', 'health', 'advice', 'lemon', 'water', 'prevents', 'cancer', 'taken', 'every', 'morning', 'context', 'unclear']","[115, 62, 221, 372, 7, 126, 73, 373, 127, 374, 25, 26]"
75 doctors in South Florida walked out in protest as their hospital was flooded with unvaccinated COVID-19 patients,1,"['doctors', 'south', 'florida', 'walked', 'protest', 'hospital', 'flooded', 'unvaccinated', 'covid', 'patients']","[1, 589, 397, 1, 1, 590, 1, 355, 59, 181]"
Aspirin prevents every heart attack for every adult.,1,"['aspirin', 'prevents', 'every', 'heart', 'attack', 'every', 'adult']","[125, 126, 127, 9, 10, 127, 128]"
Regular monitoring of blood glucose helps diabetes management. #health #viral,0,"['regular', 'monitoring', 'blood', 'glucose', 'helps', 'diabetes', 'management']","[50, 51, 52, 53, 54, 55, 56]"
Breaking health advice: Regular monitoring of blood glucose helps diabetes management!!!,0,"['breaking', 'health', 'advice', 'regular', 'monitoring', 'blood', 'glucose', 'helps', 'diabetes', 'management']","[115, 62, 221, 50, 51, 52, 53, 54, 55, 56]"
Detox water removes all toxins from the body overnight.,1,"['detox', 'water', 'removes', 'toxins', 'body', 'overnight']","[295, 7, 296, 297, 298, 299]"
A vitamin drink works better than vaccines for general wellness.,1,"['vitamin', 'drink', 'works', 'better', 'vaccines', 'general', 'wellness']","[19, 5, 20, 21, 22, 23, 24]"
Use leftover antibiotics whenever you feel feverish. Context is unclear.,1,"['use', 'leftover', 'antibiotics', 'whenever', 'feel', 'feverish', 'context', 'unclear']","[183, 184, 42, 185, 186, 187, 25, 26]"
Garlic water cures cancer completely without chemotherapy.,1,"['garlic', 'water', 'cures', 'cancer', 'completely', 'without', 'chemotherapy']","[71, 7, 72, 73, 74, 75, 47]"
Garlic water cures cancer completly without chemotherapy. #health #viral,1,"['garlic', 'water', 'cures', 'cancer', 'completly', 'without', 'chemotherapy']","[71, 7, 72, 73, 256, 75, 47]"
COVID-NET data show that adults ages 18–49 now account for more #COVID19-associated hospitalizations than adults 65+. This is likely because younger adults have lower COVID-19 vaccination rates. Get vaccinated as soon as you can. More: https://bit.ly/3aACOAU,0,"['covidnet', 'data', 'show', 'adults', 'ages', 'account', 'associated', 'hospitalizations', 'adults', 'likely', 'younger', 'adults', 'lower', 'covid', 'vaccination', 'rates', 'get', 'vaccinated', 'soon']","[454, 324, 236, 136, 517, 1, 1, 586, 136, 200, 591, 136, 592, 59, 122, 172, 34, 142, 159]"
"Antibiotics can cause side effects, so patients should never use them.",0,"['antibiotics', 'cause', 'side', 'effects', 'patients', 'never', 'use']","[42, 88, 12, 13, 181, 222, 183]"
"Breaking health advice: Chemotherapy has side effects, so it should always be refused.",0,"['breaking', 'health', 'advice', 'chemotherapy', 'side', 'effects', 'always', 'refused']","[115, 62, 221, 47, 12, 13, 48, 49]"
Another prediction by the Simpsons – children are to lose their hearing after vaccination.,1,"['another', 'prediction', 'simpsons', 'children', 'lose', 'hearing', 'vaccination']","[1, 1, 1, 351, 593, 1, 122]"
A vitamin drink works better than vaccines for general wellness.,1,"['vitamin', 'drink', 'works', 'better', 'vaccines', 'general', 'wellness']","[19, 5, 20, 21, 22, 23, 24]"
A viral post says: Positive thinking alone cures clinical depression. Context is unclear.,1,"['viral', 'post', 'says', 'positive', 'thinking', 'alone', 'cures', 'clinical', 'depression', 'context', 'unclear']","[220, 344, 145, 168, 232, 179, 72, 194, 101, 25, 26]"
Antibiotics should be used as prescribed by a qualified clinician. Please verify with doctor.,0,"['antibiotics', 'used', 'prescribed', 'qualified', 'clinician', 'please', 'verify', 'doctor']","[42, 43, 44, 45, 46, 57, 58, 16]"
High fever in infants should be evaluated by a healthcare professional. Context is unclear.,0,"['high', 'fever', 'infants', 'evaluated', 'healthcare', 'professional', 'context', 'unclear']","[109, 110, 594, 595, 37, 164, 25, 26]"
Aspirin prevents every heart attack for every adult. Please verify with doctor.,1,"['aspirin', 'prevents', 'every', 'heart', 'attack', 'every', 'adult', 'please', 'verify', 'doctor']","[125, 126, 127, 9, 10, 127, 128, 57, 58, 16]"
Health tip: Do not take a baby with high fever to a doctor; use home oil massage!!! Context is unclear.,1,"['health', 'tip', 'take', 'baby', 'high', 'fever', 'doctor', 'use', 'home', 'oil', 'massage', 'context', 'unclear']","[62, 111, 15, 195, 109, 110, 16, 183, 196, 197, 198, 25, 26]"
Severe chest pain may require urgent medical attention.,0,"['severe', 'chest', 'pain', 'may', 'require', 'urgent', 'medical', 'attention']","[76, 3, 4, 77, 78, 79, 80, 81]"
"""Public health & social measures like strong surveillance, strategic testing, early case detection, isolation & clinical care remain critical. As well as masking, physical distance, avoiding crowded places & keeping indoor areas well ventilated.""- @DrTedros. ""And second, the world must equitably share protective gear, oxygen, tests, [#COVID19] treatments and vaccines.""- @DrTedros. ""There are essentially two ways for countries to push back against new [#COVID19] surges.""-@DrTedros.",0,"['public', 'health', 'social', 'measures', 'like', 'strong', 'surveillance', 'strategic', 'testing', 'early', 'case', 'detection', 'isolation', 'clinical', 'care', 'remain', 'critical', 'well', 'masking', 'physical', 'distance', 'avoiding', 'crowded', 'places', 'keeping', 'indoor', 'areas', 'well', 'ventilated', 'drtedros', 'second', 'world', 'must', 'equitably', 'share', 'protective', 'gear', 'oxygen', 'tests', 'treatments', 'vaccines', 'drtedros', 'essentially', 'two', 'ways', 'countries', 'push', 'back', 'new', 'surgesdrtedros']","[252, 62, 362, 342, 364, 596, 325, 1, 314, 276, 506, 597, 1, 194, 130, 598, 404, 204, 599, 600, 1, 1, 601, 1, 602, 603, 604, 204, 1, 605, 481, 462, 69, 1, 94, 1, 1, 606, 607, 1, 22, 605, 1, 478, 434, 407, 1, 608, 134, 1]"
Vaccines help the immune system recognize infections.,0,"['vaccines', 'help', 'immune', 'system', 'recognize', 'infections']","[22, 64, 182, 352, 353, 150]"
"More than 50% of U.S. adults rolled their #SleeveUp & are fully vaccinated. As of June 1, 2021, more than 168 million people across the United States had received at least one dose of #COVID19 vaccine. Of those, more than 135 million are fully vaccinated. http://bit.ly/CDT_vaccine",0,"['us', 'adults', 'rolled', 'fully', 'vaccinated', 'june', 'million', 'people', 'across', 'united', 'states', 'received', 'least', 'one', 'dose', 'vaccine', 'million', 'fully', 'vaccinated']","[117, 136, 1, 227, 142, 303, 224, 140, 461, 123, 124, 225, 170, 214, 226, 35, 224, 227, 142]"
ICMR study shows #COVAXIN neutralises against multiple variants of SARS-CoV-2 and effectively neutralises the double mutant strain as well. @MoHFW_INDIA@DeptHealthRes#IndiaFightsCOVID19 #LargestVaccineDrive,0,"['icmr', 'study', 'shows', 'neutralises', 'multiple', 'variants', 'sarscov', 'effectively', 'neutralises', 'double', 'mutant', 'strain', 'well', 'mohfwindiadepthealthres']","[609, 321, 455, 610, 483, 157, 156, 1, 610, 1, 1, 458, 204, 1]"
Severe chest pain may require urgent medical attention!!!,0,"['severe', 'chest', 'pain', 'may', 'require', 'urgent', 'medical', 'attention']","[76, 3, 4, 77, 78, 79, 80, 81]"
Health tip: Vaccination can reduce the risk of severe COVID-19 outcomes. Source not verified.,0,"['health', 'tip', 'vaccination', 'reduce', 'risk', 'severe', 'covid', 'outcomes', 'source', 'verified']","[62, 111, 122, 326, 471, 76, 59, 279, 257, 258]"
"College or university administrators: Looking for tools to build confidence on campus about #COVID19 vaccines? CDC’s COVID-19 Vaccination Toolkit for Institutions of Higher Education can help you encourage vaccination among students, faculty, and staff: https://bit.ly/3ijyQ74.",0,"['college', 'university', 'administrators', 'looking', 'tools', 'build', 'confidence', 'campus', 'vaccines', 'cdcs', 'covid', 'vaccination', 'toolkit', 'institutions', 'higher', 'education', 'help', 'encourage', 'vaccination', 'among', 'students', 'faculty', 'staff']","[611, 548, 504, 1, 612, 613, 528, 614, 22, 146, 59, 122, 502, 1, 173, 529, 64, 538, 122, 151, 488, 1, 487]"
Breaking health advice: Vaccination can reduce the risk of severe COVID-19 outcomes. #health #viral Context is unclear.,0,"['breaking', 'health', 'advice', 'vaccination', 'reduce', 'risk', 'severe', 'covid', 'outcomes', 'context', 'unclear']","[115, 62, 221, 122, 326, 471, 76, 59, 279, 25, 26]"
Ultrasound always harms the baby.,1,"['ultrasound', 'always', 'harms', 'baby']","[319, 48, 320, 195]"
#Pediatricians– Parents trust you as a source of information on #COVID19 vaccines. Your strong vaccine recommendation is important. Remind parents that getting all family members 12 yrs & older vaccinated can help protect them and those around them. More: https://bit.ly/2WGycZ3,0,"['parents', 'trust', 'source', 'information', 'vaccines', 'strong', 'vaccine', 'recommendation', 'important', 'remind', 'parents', 'getting', 'family', 'members', 'yrs', 'older', 'vaccinated', 'help', 'protect', 'around']","[539, 1, 257, 143, 22, 596, 35, 615, 469, 616, 539, 141, 95, 573, 1, 174, 142, 64, 199, 32]"
Lemon water prevents all cancer if taken every morning. Context is unclear.,1,"['lemon', 'water', 'prevents', 'cancer', 'taken', 'every', 'morning', 'context', 'unclear']","[372, 7, 126, 73, 373, 127, 374, 25, 26]"
"Antidepressants can have side effects, so nobody shud take them. Please verify with dr. This is based on personal experience. Context is unclear.",0,"['antidepressants', 'side', 'effects', 'nobody', 'shud', 'take', 'please', 'verify', 'dr', 'based', 'personal', 'experience', 'context', 'unclear']","[11, 12, 13, 14, 273, 15, 57, 58, 231, 466, 467, 468, 25, 26]"
Vaccines help the immune system recognize infections. Many people are talking about this. #health #viral Context is unclear.,0,"['vaccines', 'help', 'immune', 'system', 'recognize', 'infections', 'many', 'people', 'talking', 'context', 'unclear']","[22, 64, 182, 352, 353, 150, 293, 140, 294, 25, 26]"
A viral post says: Early cancer screening can improve treatment outcomes.,0,"['viral', 'post', 'says', 'early', 'cancer', 'screening', 'improve', 'treatment', 'outcomes']","[220, 344, 145, 276, 73, 277, 278, 99, 279]"
Stop taking prescribed medicine and inhale steam to cure COVID completely!!!,1,"['stop', 'taking', 'prescribed', 'medicine', 'inhale', 'steam', 'cure', 'covid', 'completely']","[8, 41, 44, 244, 245, 246, 247, 59, 74]"
"In a forum, a user wrote: Antibiotics should be used as prescribed by a qualified clinician.",0,"['forum', 'user', 'wrote', 'antibiotics', 'used', 'prescribed', 'qualified', 'clinician']","[82, 83, 84, 42, 43, 44, 45, 46]"
Depression can be cured by stopping all psychiatric medication.,1,"['depression', 'cured', 'stopping', 'psychiatric', 'medication']","[101, 102, 103, 104, 105]"
The vast majority of those now dying of COVID-19 in England were vaccinated,1,"['vast', 'majority', 'dying', 'covid', 'england', 'vaccinated']","[1, 617, 618, 59, 619, 142]"
Data from a new @CDCMMWR suggest the COVID-19 Delta variant spreads easily in indoor sports settings & households. Sports participants & staff should get a COVID-19 vaccine and use prevention measures. Learn more: https://bit.ly/MM7921b.,0,"['data', 'new', 'cdcmmwr', 'suggest', 'covid', 'delta', 'variant', 'spreads', 'easily', 'indoor', 'sports', 'settings', 'households', 'sports', 'participants', 'staff', 'get', 'covid', 'vaccine', 'use', 'prevention', 'measures', 'learn']","[324, 134, 165, 620, 59, 152, 153, 154, 155, 603, 621, 622, 1, 621, 1, 487, 34, 59, 35, 183, 209, 342, 66]"
"Exercise improves heart health, so medication is never needed. Please verify with doctor.",0,"['exercise', 'improves', 'heart', 'health', 'medication', 'never', 'needed', 'please', 'verify', 'doctor']","[623, 624, 9, 62, 105, 222, 106, 57, 58, 16]"
"A viral post says: Chemotherapy has side effects, so it should always be refused. Please verify with doctor. No doctor needed.",0,"['viral', 'post', 'says', 'chemotherapy', 'side', 'effects', 'always', 'refused', 'please', 'verify', 'doctor', 'doctor', 'needed']","[220, 344, 145, 47, 12, 13, 48, 49, 57, 58, 16, 16, 106]"
Positive thinking alone cures clinical depression. Context is unclear.,1,"['positive', 'thinking', 'alone', 'cures', 'clinical', 'depression', 'context', 'unclear']","[168, 232, 179, 72, 194, 101, 25, 26]"
A vitamin drink works better than vaccines for general wellness!!! Please verify with doctor!!! Many people are talking about this!!!,1,"['vitamin', 'drink', 'works', 'better', 'vaccines', 'general', 'wellness', 'please', 'verify', 'doctor', 'many', 'people', 'talking']","[19, 5, 20, 21, 22, 23, 24, 57, 58, 16, 293, 140, 294]"
Complete lockdown in West Bengal in Aug 2021 due to coronavirus. – Mamata Banerje,1,"['complete', 'lockdown', 'west', 'bengal', 'aug', 'due', 'coronavirus', 'mamata', 'banerje']","[1, 343, 1, 1, 1, 625, 377, 1, 1]"
Vaccination can reduce the risk of severe COVID-19 outcomes. Many people are talking about this.,0,"['vaccination', 'reduce', 'risk', 'severe', 'covid', 'outcomes', 'many', 'people', 'talking']","[122, 326, 471, 76, 59, 279, 293, 140, 294]"
Breaking health advice: Ultrasound always harms the baby.,1,"['breaking', 'health', 'advice', 'ultrasound', 'always', 'harms', 'baby']","[115, 62, 221, 319, 48, 320, 195]"
"“The people who have taken it [COVID-19 vaccines] are going to die in the next six months to two to three years to five years,”",1,"['people', 'taken', 'covid', 'vaccines', 'going', 'die', 'next', 'six', 'months', 'two', 'three', 'years', 'five', 'years']","[140, 373, 59, 22, 626, 554, 627, 628, 171, 478, 629, 542, 630, 542]"
"“Hundreds of thousands died after taking the advice of these celebrities,” who are “aiding and abetting mass murder” by advocating COVID-19 vaccination.",1,"['hundreds', 'thousands', 'died', 'taking', 'advice', 'celebrities', 'aiding', 'abetting', 'mass', 'murder', 'advocating', 'covid', 'vaccination']","[1, 547, 428, 41, 221, 1, 1, 1, 1, 1, 1, 59, 122]"
A new @CDCMMWR suggests vaccinated staff @PHLschools had 95% fewer #COVID19 infections compared to unvaccinated staff. This finding shows the importance of COVID-19 vaccination for school staff during the 2021–22 school year. More: https://bit.ly/2UAwh7k.,0,"['new', 'cdcmmwr', 'suggests', 'vaccinated', 'staff', 'phlschools', 'fewer', 'infections', 'compared', 'unvaccinated', 'staff', 'finding', 'shows', 'importance', 'covid', 'vaccination', 'school', 'staff', 'school', 'year']","[134, 165, 1, 142, 487, 1, 631, 150, 632, 355, 487, 1, 455, 633, 59, 122, 491, 487, 491, 492]"
Doctor said online: Aspirin prevents every heart attack for every adult.,1,"['doctor', 'said', 'online', 'aspirin', 'prevents', 'every', 'heart', 'attack', 'every', 'adult']","[16, 17, 18, 125, 126, 127, 9, 10, 127, 128]"
Health tip: Aspirin prevents every heart attack for every adult.,1,"['health', 'tip', 'aspirin', 'prevents', 'every', 'heart', 'attack', 'every', 'adult']","[62, 111, 125, 126, 127, 9, 10, 127, 128]"
Hot water may kill coronavirus inside the throat. Please verify with doctor. Context is unclear.,1,"['hot', 'water', 'may', 'kill', 'coronavirus', 'inside', 'throat', 'please', 'verify', 'doctor', 'context', 'unclear']","[375, 7, 77, 376, 377, 378, 379, 57, 58, 16, 25, 26]"
"Most childhood fevers are viral, so medical advice is never needed. Many people are talking about this. Context is unclear.",0,"['childhood', 'fevers', 'viral', 'medical', 'advice', 'never', 'needed', 'many', 'people', 'talking', 'context', 'unclear']","[218, 219, 220, 80, 221, 222, 106, 293, 140, 294, 25, 26]"
Positive thinking alone cures clinical depression!!!,1,"['positive', 'thinking', 'alone', 'cures', 'clinical', 'depression']","[168, 232, 179, 72, 194, 101]"
A vitamin drink works better than vaccines for general wellness.,1,"['vitamin', 'drink', 'works', 'better', 'vaccines', 'general', 'wellness']","[19, 5, 20, 21, 22, 23, 24]"
"Insulin may cause low blood sugar, so patients should avoid it!!!",0,"['insulin', 'may', 'cause', 'low', 'blood', 'sugar', 'patients', 'avoid']","[367, 77, 88, 386, 52, 89, 181, 266]"
A viral post says: Ultrasound always harms the baby. Please verify with doctor.,1,"['viral', 'post', 'says', 'ultrasound', 'always', 'harms', 'baby', 'please', 'verify', 'doctor']","[220, 344, 145, 319, 48, 320, 195, 57, 58, 16]"
"Antidepressants can have side effects, so nobody should take them!!!",0,"['antidepressants', 'side', 'effects', 'nobody', 'take']","[11, 12, 13, 14, 15]"
Breaking health advice: Ignore chest pain and drink cold water to stop a heart attack. Please verify with doctor. #health #viral Context is unclear.,1,"['breaking', 'health', 'advice', 'ignore', 'chest', 'pain', 'drink', 'cold', 'water', 'stop', 'heart', 'attack', 'please', 'verify', 'doctor', 'context', 'unclear']","[115, 62, 221, 2, 3, 4, 5, 6, 7, 8, 9, 10, 57, 58, 16, 25, 26]"
"Antidepressants can have side effects, so nobody should take them.",0,"['antidepressants', 'side', 'effects', 'nobody', 'take']","[11, 12, 13, 14, 15]"
Suicidal thoughts require immediate support and professional help.,0,"['suicidal', 'thoughts', 'require', 'immediate', 'support', 'professional', 'help']","[160, 161, 78, 162, 163, 164, 64]"
"#COVID19 cases, hospitalizations, and deaths are going up, especially in areas with low vaccination rates. Vaccines help protect people from getting COVID-19 or from getting severely ill from it. Read more about the state of the pandemic: http://bit.ly/CDTweeklyreview.",0,"['cases', 'hospitalizations', 'deaths', 'going', 'especially', 'areas', 'low', 'vaccination', 'rates', 'vaccines', 'help', 'protect', 'people', 'getting', 'covid', 'getting', 'severely', 'ill', 'read', 'state', 'pandemic']","[149, 586, 307, 626, 634, 604, 386, 122, 172, 22, 64, 199, 140, 141, 59, 141, 201, 202, 260, 248, 65]"
Health tip: Antibiotics should be used as prescribed by a qualified clinician!!! Please verify with doctor!!!,0,"['health', 'tip', 'antibiotics', 'used', 'prescribed', 'qualified', 'clinician', 'please', 'verify', 'doctor']","[62, 111, 42, 43, 44, 45, 46, 57, 58, 16]"
Anthony Faucis wife Chritine Grady is the acting head of the US FDA and approved the Pfizer COVID-19 vaccine.,1,"['anthony', 'faucis', 'wife', 'chritine', 'grady', 'acting', 'head', 'us', 'fda', 'approved', 'pfizer', 'covid', 'vaccine']","[635, 1, 636, 1, 1, 269, 1, 117, 332, 561, 637, 59, 35]"
Forwarded message: Detox water removes all toxins from the body overnight!!!,1,"['forwarded', 'message', 'detox', 'water', 'removes', 'toxins', 'body', 'overnight']","[274, 275, 295, 7, 296, 297, 298, 299]"
Teething always causes very high fever. #health #viral,1,"['teething', 'always', 'causes', 'high', 'fever']","[107, 48, 108, 109, 110]"
Covid-19 vaccine negatively impacts blood and alters the colour.,1,"['covid', 'vaccine', 'negatively', 'impacts', 'blood', 'alters', 'colour']","[59, 35, 1, 1, 52, 420, 1]"
Forwarded message: Cinnamon alone can control blood sugar in all diabetes patients. Many people are talking about this.,1,"['forwarded', 'message', 'cinnamon', 'alone', 'control', 'blood', 'sugar', 'diabetes', 'patients', 'many', 'people', 'talking']","[274, 275, 178, 179, 180, 52, 89, 55, 181, 293, 140, 294]"
Skipping dinner is the best treatment for obesity in everyone.,1,"['skipping', 'dinner', 'best', 'treatment', 'obesity', 'everyone']","[96, 97, 98, 99, 100, 86]"
"Vaccines can cause mild fever, so they are unsafe for everyone. Context is unclear.",0,"['vaccines', 'cause', 'mild', 'fever', 'unsafe', 'everyone', 'context', 'unclear']","[22, 88, 345, 110, 291, 86, 25, 26]"
Headlines show CNN published contradictory reports about hydroxychloroquine in 2020.,1,"['headlines', 'show', 'cnn', 'published', 'contradictory', 'reports', 'hydroxychloroquine']","[1, 236, 1, 638, 1, 322, 639]"
"Antibiotics can cause side effects, so patients should never use them. Please verify with doctor.",0,"['antibiotics', 'cause', 'side', 'effects', 'patients', 'never', 'use', 'please', 'verify', 'doctor']","[42, 88, 12, 13, 181, 222, 183, 57, 58, 16]"
CDC officials admit more hospitalizations of young people from vaccine than from the actual COVID virus.,1,"['cdc', 'officials', 'admit', 'hospitalizations', 'young', 'people', 'vaccine', 'actual', 'covid', 'virus']","[27, 1, 1, 586, 207, 140, 35, 1, 59, 281]"
Vaccination can reduce the risk of severe COVID-19 outcomes.,0,"['vaccination', 'reduce', 'risk', 'severe', 'covid', 'outcomes']","[122, 326, 471, 76, 59, 279]"
Pregnant people should avoid all vaccines and checkups.,1,"['pregnant', 'people', 'avoid', 'vaccines', 'checkups']","[265, 140, 266, 22, 267]"
Early cancer screening can improve treatment outcomes.,0,"['early', 'cancer', 'screening', 'improve', 'treatment', 'outcomes']","[276, 73, 277, 278, 99, 279]"
The President of Haiti was killed for refusing to vaccinate the population.,1,"['president', 'haiti', 'killed', 'refusing', 'vaccinate', 'population']","[477, 640, 1, 641, 570, 366]"
Regular monitoring of blood glucose helps diabetes management. Please verify with doctor.,0,"['regular', 'monitoring', 'blood', 'glucose', 'helps', 'diabetes', 'management', 'please', 'verify', 'doctor']","[50, 51, 52, 53, 54, 55, 56, 57, 58, 16]"
New @CDCMMWR shows that workplace investigations of #COVID19 outbreaks can help identify employee cases and contacts. Employees are encouraged to participate in workplace investigations to help slow the spread of COVID-19. Learn more: https://bit.ly/7025a3.,0,"['new', 'cdcmmwr', 'shows', 'workplace', 'investigations', 'outbreaks', 'help', 'identify', 'employee', 'cases', 'contacts', 'employees', 'encouraged', 'participate', 'workplace', 'investigations', 'help', 'slow', 'spread', 'covid', 'learn']","[134, 165, 455, 642, 643, 1, 64, 644, 1, 149, 1, 402, 1, 1, 642, 643, 64, 645, 158, 59, 66]"
Detox water removes all toxins from the body overnight. Please verify with doctor.,1,"['detox', 'water', 'removes', 'toxins', 'body', 'overnight', 'please', 'verify', 'doctor']","[295, 7, 296, 297, 298, 299, 57, 58, 16]"
"Doctor said online: Insulin may cause low blood sugar, so patients should avoid it.",0,"['doctor', 'said', 'online', 'insulin', 'may', 'cause', 'low', 'blood', 'sugar', 'patients', 'avoid']","[16, 17, 18, 367, 77, 88, 386, 52, 89, 181, 266]"
"Most young people recover from COVID, so prevention is unnecessary.",0,"['young', 'people', 'recover', 'covid', 'prevention', 'unnecessary']","[207, 140, 208, 59, 209, 210]"
"Some medications are risky in pregnancy, so all medicines must be stopped. Please verify with dr.",0,"['medications', 'risky', 'pregnancy', 'medicines', 'must', 'stopped', 'please', 'verify', 'dr']","[39, 67, 68, 31, 69, 70, 57, 58, 231]"
"#IndiaFightsCorona 'No one is safe until everyone is safe' High Surge in #COVID19 Cases are being reported in other Countries; hence it is not the right time for any kind of relaxation of COVID rules or #COVIDAppropriateBehavior - JS, @MoHFW_INDIA,#Unite2FightCorona. ",0,"['one', 'safe', 'everyone', 'safe', 'high', 'surge', 'cases', 'reported', 'countries', 'hence', 'right', 'time', 'kind', 'relaxation', 'covid', 'rules', 'js', 'mohfwindia']","[214, 395, 86, 395, 109, 646, 149, 169, 407, 1, 647, 33, 1, 1, 59, 1, 648, 649]"
Eat red onions three times a day and use natural lemon drops in nostrils to treat COVID-19,1,"['eat', 'red', 'onions', 'three', 'times', 'day', 'use', 'natural', 'lemon', 'drops', 'nostrils', 'treat', 'covid']","[650, 1, 1, 629, 408, 651, 183, 1, 372, 1, 1, 416, 59]"
"For almost 18 months now, the world’s health and care workers have been at the forefront of the #COVID19 pandemic. They have reminded us almost daily that they are incredible people doing incredible jobs under incredible circumstances",0,"['almost', 'months', 'worlds', 'health', 'care', 'workers', 'forefront', 'pandemic', 'reminded', 'us', 'almost', 'daily', 'incredible', 'people', 'incredible', 'jobs', 'incredible', 'circumstances']","[652, 171, 1, 62, 130, 254, 1, 65, 1, 117, 652, 653, 654, 140, 654, 1, 654, 1]"
"#COVID19 vaccination will help protect you from getting COVID-19. You may have some side effects, like pain or redness where you got the shot, or tiredness. These are normal signs that your body is building protection and should go away within a few days. https://bit.ly/38AqxNA",0,"['vaccination', 'help', 'protect', 'getting', 'covid', 'may', 'side', 'effects', 'like', 'pain', 'redness', 'got', 'shot', 'tiredness', 'normal', 'signs', 'body', 'building', 'protection', 'go', 'away', 'within', 'days']","[122, 64, 199, 141, 59, 77, 12, 13, 364, 4, 655, 656, 263, 657, 658, 659, 298, 660, 438, 661, 662, 663, 239]"
High fever in infants should be evaluated by a healthcare professional.,0,"['high', 'fever', 'infants', 'evaluated', 'healthcare', 'professional']","[109, 110, 594, 595, 37, 164]"
Cinnamon alone can control blood sugar in all diabetes patients. Please verify with doctor. Source not verified.,1,"['cinnamon', 'alone', 'control', 'blood', 'sugar', 'diabetes', 'patients', 'please', 'verify', 'doctor', 'source', 'verified']","[178, 179, 180, 52, 89, 55, 181, 57, 58, 16, 257, 258]"
Autumn lockdown in Ukraine will be introduced only for unvaccinated.,1,"['autumn', 'lockdown', 'ukraine', 'introduced', 'unvaccinated']","[1, 343, 1, 1, 355]"
"Exercise improves heart health, so medication is never needed!!! #health #viral",0,"['exercise', 'improves', 'heart', 'health', 'medication', 'never', 'needed']","[623, 624, 9, 62, 105, 222, 106]"
"Most young people recover from COVID, so prevention is unnecessary.",0,"['young', 'people', 'recover', 'covid', 'prevention', 'unnecessary']","[207, 140, 208, 59, 209, 210]"
Pregnant people should avoid all vaccines and checkups!!!,1,"['pregnant', 'people', 'avoid', 'vaccines', 'checkups']","[265, 140, 266, 22, 267]"
"Insulin may cause low blood sugar, so patients should avoid it!!! Please verify with doctor!!!",0,"['insulin', 'may', 'cause', 'low', 'blood', 'sugar', 'patients', 'avoid', 'please', 'verify', 'doctor']","[367, 77, 88, 386, 52, 89, 181, 266, 57, 58, 16]"
"Doctor said online: Antidepressants can have side effects, so nobody should take them.",0,"['doctor', 'said', 'online', 'antidepressants', 'side', 'effects', 'nobody', 'take']","[16, 17, 18, 11, 12, 13, 14, 15]"
mRNA technology in COVID-19 vaccines was never tested in humans.,1,"['mrna', 'technology', 'covid', 'vaccines', 'never', 'tested', 'humans']","[238, 563, 59, 22, 222, 167, 1]"
Doctor said online: Vaccines help the immune system recognize infections. Please verify with doctor. Share this with family.,0,"['doctor', 'said', 'online', 'vaccines', 'help', 'immune', 'system', 'recognize', 'infections', 'please', 'verify', 'doctor', 'share', 'family']","[16, 17, 18, 22, 64, 182, 352, 353, 150, 57, 58, 16, 94, 95]"
The coronavirus can’t be so dangerous because there are no biohazard bins for COVID-19 masks and gloves.,1,"['coronavirus', 'cant', 'dangerous', 'biohazard', 'bins', 'covid', 'masks', 'gloves']","[377, 1, 526, 1, 1, 59, 664, 1]"
Breaking health advice: High fever in infants should be evaluated by a healthcare professional. Context is unclear.,0,"['breaking', 'health', 'advice', 'high', 'fever', 'infants', 'evaluated', 'healthcare', 'professional', 'context', 'unclear']","[115, 62, 221, 109, 110, 594, 595, 37, 164, 25, 26]"
A school headmistress became ill after receiving the second dose of vaccination and died in 5 hours.,1,"['school', 'headmistress', 'became', 'ill', 'receiving', 'second', 'dose', 'vaccination', 'died', 'hours']","[491, 1, 1, 202, 665, 481, 226, 122, 428, 1]"
Cinnamon alone can control blood sugar in all diabetes patients. Ask a clinician before acting.,1,"['cinnamon', 'alone', 'control', 'blood', 'sugar', 'diabetes', 'patients', 'ask', 'clinician', 'acting']","[178, 179, 180, 52, 89, 55, 181, 268, 46, 269]"
The Lancet shows Covid-19 vaccines offers little to no protection,1,"['lancet', 'shows', 'covid', 'vaccines', 'offers', 'little', 'protection']","[1, 455, 59, 22, 1, 666, 438]"
"For every 2 adults who die due to #COVID19, 1 child is left without a family-caregiver. A new CDC led global assessment in @TheLancet uncovers the impact of this hidden #pandemic - more than 1.5M children growing up without family-caregiver. https://bit.ly/3xOtPs5",0,"['every', 'adults', 'die', 'due', 'child', 'left', 'without', 'familycaregiver', 'new', 'cdc', 'led', 'global', 'assessment', 'thelancet', 'uncovers', 'impact', 'hidden', 'children', 'growing', 'without', 'familycaregiver']","[127, 136, 554, 625, 667, 1, 75, 668, 134, 27, 1, 669, 1, 1, 1, 1, 1, 351, 1, 75, 668]"
Depression can be cured by stopping all psychiatric medication!!! Context is unclear.,1,"['depression', 'cured', 'stopping', 'psychiatric', 'medication', 'context', 'unclear']","[101, 102, 103, 104, 105, 25, 26]"
President Joe Biden Announces Americans Not Vaccinated Before 2022 Will Be Put In Camps.,1,"['president', 'joe', 'biden', 'announces', 'americans', 'vaccinated', 'put', 'camps']","[477, 328, 329, 670, 671, 142, 384, 672]"
CDC’s Nowcast is a data projection tool that provides estimates of the continuously changing proportion of different variants of the virus that causes #COVID19 in the United States. Learn more: https://bit.ly/32Dpji3.,0,"['cdcs', 'nowcast', 'data', 'projection', 'tool', 'provides', 'estimates', 'continuously', 'changing', 'proportion', 'different', 'variants', 'virus', 'causes', 'united', 'states', 'learn']","[146, 1, 324, 1, 405, 1, 673, 1, 29, 674, 323, 157, 281, 108, 123, 124, 66]"
Vaccines permanently damage fertility and should be avoided. This may not apply to everyone.,1,"['vaccines', 'permanently', 'damage', 'fertility', 'avoided', 'may', 'apply', 'everyone']","[22, 191, 192, 193, 93, 77, 85, 86]"
“It makes no sense to require vaccinations for the previously infected.”,1,"['makes', 'sense', 'require', 'vaccinations', 'previously', 'infected']","[283, 284, 78, 285, 286, 287]"
An Olympic producer was caught on a hot mic talking of COVID-19 deaths,1,"['olympic', 'producer', 'caught', 'hot', 'mic', 'talking', 'covid', 'deaths']","[393, 675, 676, 375, 677, 294, 59, 307]"
Hot water may kill coronavirus inside the throat.,1,"['hot', 'water', 'may', 'kill', 'coronavirus', 'inside', 'throat']","[375, 7, 77, 376, 377, 378, 379]"
Doctor said online: Severe chest pain may require urgent medical attention.,0,"['doctor', 'said', 'online', 'severe', 'chest', 'pain', 'may', 'require', 'urgent', 'medical', 'attention']","[16, 17, 18, 76, 3, 4, 77, 78, 79, 80, 81]"
Garlic water cures cancer completely without chemotherapy!!! Context is unclear.,1,"['garlic', 'water', 'cures', 'cancer', 'completely', 'without', 'chemotherapy', 'context', 'unclear']","[71, 7, 72, 73, 74, 75, 47, 25, 26]"
Those who are exposed to the delta variant of the virus that causes COVID-19 are “twice as likely to require hospitalization if the person was vaccinated.”,1,"['exposed', 'delta', 'variant', 'virus', 'causes', 'covid', 'twice', 'likely', 'require', 'hospitalization', 'person', 'vaccinated']","[289, 152, 153, 281, 108, 59, 678, 200, 78, 242, 211, 142]"
"Vaccines can cause mild fever, so they are unsafe for everyone.",0,"['vaccines', 'cause', 'mild', 'fever', 'unsafe', 'everyone']","[22, 88, 345, 110, 291, 86]"
Stop insulin and use bitter melon juice instead!!! #health #viral,1,"['stop', 'insulin', 'use', 'bitter', 'melon', 'juice', 'instead']","[8, 367, 183, 368, 369, 370, 371]"
The myth that the benefits of vaccines outweigh the risks collapses in Australia. More Australians have died from vaccines than from coronaviruses.,1,"['myth', 'benefits', 'vaccines', 'outweigh', 'risks', 'collapses', 'australia', 'australians', 'died', 'vaccines', 'coronaviruses']","[1, 513, 22, 1, 1, 1, 354, 1, 428, 22, 1]"
"Exercise improves heart health, so medication is never needed.",0,"['exercise', 'improves', 'heart', 'health', 'medication', 'never', 'needed']","[623, 624, 9, 62, 105, 222, 106]"
"Forwarded message: Antibiotics can cause side effects, so patients should never use them. Source not verified.",0,"['forwarded', 'message', 'antibiotics', 'cause', 'side', 'effects', 'patients', 'never', 'use', 'source', 'verified']","[274, 275, 42, 88, 12, 13, 181, 222, 183, 257, 258]"
The Israel Ministry of Health announced that the Covid-19 vaccines are ineffective against the delta variant.,1,"['israel', 'ministry', 'health', 'announced', 'covid', 'vaccines', 'ineffective', 'delta', 'variant']","[336, 337, 62, 333, 59, 22, 338, 152, 153]"
Ultrasound always harms the baby.,1,"['ultrasound', 'always', 'harms', 'baby']","[319, 48, 320, 195]"
High fever in infants should be evaluated by a healthcare professional!!! Source not verified!!!,0,"['high', 'fever', 'infants', 'evaluated', 'healthcare', 'professional', 'source', 'verified']","[109, 110, 594, 595, 37, 164, 257, 258]"
Breaking health advice: A balanced diet supports general health.,0,"['breaking', 'health', 'advice', 'balanced', 'diet', 'supports', 'general', 'health']","[115, 62, 221, 112, 113, 114, 23, 62]"
Health tip: Use leftover antibiotics whenever you feel feverish.,1,"['health', 'tip', 'use', 'leftover', 'antibiotics', 'whenever', 'feel', 'feverish']","[62, 111, 183, 184, 42, 185, 186, 187]"
A Lisbon court has ruled that only 0.9% of “verified cases” died of COVID-19 in Portugal.,1,"['lisbon', 'court', 'ruled', 'verified', 'cases', 'died', 'covid', 'portugal']","[1, 119, 1, 258, 149, 428, 59, 1]"
"As of September 20, national forecasts predict 4,600–11,800 new #COVID19 hospitalizations will likely be reported on October 18. More: http://bit.ly/CDC_HForecast ",0,"['september', 'national', 'forecasts', 'predict', 'new', 'hospitalizations', 'likely', 'reported', 'october']","[679, 304, 305, 306, 134, 586, 200, 169, 680]"
"Chemotherapy has side effects, so it should always be refused. Please verify with doctor. This is based on personal experience. Context is unclear.",0,"['chemotherapy', 'side', 'effects', 'always', 'refused', 'please', 'verify', 'doctor', 'based', 'personal', 'experience', 'context', 'unclear']","[47, 12, 13, 48, 49, 57, 58, 16, 466, 467, 468, 25, 26]"
Depression can be cured by stopping all psychiatric medication!!!,1,"['depression', 'cured', 'stopping', 'psychiatric', 'medication']","[101, 102, 103, 104, 105]"
Antibiotics cure all viral infections.,1,"['antibiotics', 'cure', 'viral', 'infections']","[42, 247, 220, 150]"
Vaccines help the immune system recognize infections!!! Many people are talking about this!!!,0,"['vaccines', 'help', 'immune', 'system', 'recognize', 'infections', 'many', 'people', 'talking']","[22, 64, 182, 352, 353, 150, 293, 140, 294]"
"As of June 28, 2021, more than 179 million people had received at least one dose of a #COVID19 vaccine. Of those, more than 153 million are fully vaccinated. Once you’re fully vaccinated, you can do things you stopped doing because of the pandemic. More: http://bit.ly/CDT_vaccine ",0,"['june', 'million', 'people', 'received', 'least', 'one', 'dose', 'vaccine', 'million', 'fully', 'vaccinated', 'youre', 'fully', 'vaccinated', 'things', 'stopped', 'pandemic']","[303, 224, 140, 225, 170, 214, 226, 35, 224, 227, 142, 40, 227, 142, 228, 70, 65]"
Those who are exposed to the delta variant of the virus that causes COVID-19 are “twice as likely to require hospitalization if the person was vaccinated.”,1,"['exposed', 'delta', 'variant', 'virus', 'causes', 'covid', 'twice', 'likely', 'require', 'hospitalization', 'person', 'vaccinated']","[289, 152, 153, 281, 108, 59, 678, 200, 78, 242, 211, 142]"
Pregnant people should avoid all vaccines and checkups. No doctor needed.,1,"['pregnant', 'people', 'avoid', 'vaccines', 'checkups', 'doctor', 'needed']","[265, 140, 266, 22, 267, 16, 106]"
Early cancer screening can improve treatment outcomes. Please verify with doctor.,0,"['early', 'cancer', 'screening', 'improve', 'treatment', 'outcomes', 'please', 'verify', 'doctor']","[276, 73, 277, 278, 99, 279, 57, 58, 16]"
Suicidal thoughts require immediate support and professional help.,0,"['suicidal', 'thoughts', 'require', 'immediate', 'support', 'professional', 'help']","[160, 161, 78, 162, 163, 164, 64]"
Depression can be cured by stopping all psychiatric medication. Please verify with doctor.,1,"['depression', 'cured', 'stopping', 'psychiatric', 'medication', 'please', 'verify', 'doctor']","[101, 102, 103, 104, 105, 57, 58, 16]"
Vaccines help the immune system recognize infections. Please verify with doctor. Many people are talking about this.,0,"['vaccines', 'help', 'immune', 'system', 'recognize', 'infections', 'please', 'verify', 'doctor', 'many', 'people', 'talking']","[22, 64, 182, 352, 353, 150, 57, 58, 16, 293, 140, 294]"
Regular monitoring of blood glucose helps diabetes management.,0,"['regular', 'monitoring', 'blood', 'glucose', 'helps', 'diabetes', 'management']","[50, 51, 52, 53, 54, 55, 56]"
Prenatal care helps monitor maternal and fetal health. Please verify with doctor.,0,"['prenatal', 'care', 'helps', 'monitor', 'maternal', 'fetal', 'health', 'please', 'verify', 'doctor']","[129, 130, 54, 131, 132, 133, 62, 57, 58, 16]"
Stop taking prescribed medicine and inhale steam to cure COVID completely. Share this with family. Context is unclear.,1,"['stop', 'taking', 'prescribed', 'medicine', 'inhale', 'steam', 'cure', 'covid', 'completely', 'share', 'family', 'context', 'unclear']","[8, 41, 44, 244, 245, 246, 247, 59, 74, 94, 95, 25, 26]"
"DYK? Unvaccinated people are 17x more likely to be hospitalized with #COVID19 than people who are fully vaccinated, according to a study by CDC’s COVID-NET. Get vaccinated to protect yourself and others: http://vaccines.gov",0,"['dyk', 'unvaccinated', 'people', 'x', 'likely', 'hospitalized', 'people', 'fully', 'vaccinated', 'according', 'study', 'cdcs', 'covidnet', 'get', 'vaccinated', 'protect', 'others']","[1, 355, 140, 456, 200, 457, 140, 227, 142, 681, 321, 146, 454, 34, 142, 199, 450]"
Garlic water cures cancer completly without chemotherapy.,1,"['garlic', 'water', 'cures', 'cancer', 'completly', 'without', 'chemotherapy']","[71, 7, 72, 73, 256, 75, 47]"
Regular monitoring of blood glucose helps diabetes management. This is based on personal experience.,0,"['regular', 'monitoring', 'blood', 'glucose', 'helps', 'diabetes', 'management', 'based', 'personal', 'experience']","[50, 51, 52, 53, 54, 55, 56, 466, 467, 468]"
"Exercise improves heart health, so medication is never needed.",0,"['exercise', 'improves', 'heart', 'health', 'medication', 'never', 'needed']","[623, 624, 9, 62, 105, 222, 106]"
"I joined @pahowho's 59th Council virtually from Kabul & I’m pleased that almost 90% of Member States in the region have reached the 10% #COVID19 vaccination target, but less than 1/3 have reached the 40% target. We will continue to support them all to achieve #VaccinEquity. #CD59",0,"['joined', 'pahowhos', 'th', 'council', 'virtually', 'kabul', 'im', 'pleased', 'almost', 'member', 'states', 'region', 'reached', 'vaccination', 'target', 'less', 'reached', 'target', 'continue', 'support', 'achieve']","[1, 1, 682, 1, 1, 1, 1, 1, 652, 1, 124, 683, 684, 122, 685, 389, 684, 685, 446, 163, 1]"
"Breaking health advice: Antidepressants can have side effects, so nobody should take them.",0,"['breaking', 'health', 'advice', 'antidepressants', 'side', 'effects', 'nobody', 'take']","[115, 62, 221, 11, 12, 13, 14, 15]"
Pregnant people should avoid all vaccines and checkups.,1,"['pregnant', 'people', 'avoid', 'vaccines', 'checkups']","[265, 140, 266, 22, 267]"
Stop taking prescribed medicine and inhale steam to cure COVID completely!!! This is based on personal experience!!!,1,"['stop', 'taking', 'prescribed', 'medicine', 'inhale', 'steam', 'cure', 'covid', 'completely', 'based', 'personal', 'experience']","[8, 41, 44, 244, 245, 246, 247, 59, 74, 466, 467, 468]"
Ultrasound always harms the baby.,1,"['ultrasound', 'always', 'harms', 'baby']","[319, 48, 320, 195]"
Stop taking prescribed medicine and inhale steam to cure COVID completely!!! This is based on personal experience!!!,1,"['stop', 'taking', 'prescribed', 'medicine', 'inhale', 'steam', 'cure', 'covid', 'completely', 'based', 'personal', 'experience']","[8, 41, 44, 244, 245, 246, 247, 59, 74, 466, 467, 468]"
COVID-19 vaccine causes orchitis (swollen testicles) and impotence.,1,"['covid', 'vaccine', 'causes', 'orchitis', 'swollen', 'testicles', 'impotence']","[59, 35, 108, 1, 1, 1, 1]"
Help stop the spread of Delta and other variants by getting vaccinated as soon as you can. FDA-authorized #COVID19 vaccines offer protection against Delta and other known variants,0,"['help', 'stop', 'spread', 'delta', 'variants', 'getting', 'vaccinated', 'soon', 'fdaauthorized', 'vaccines', 'offer', 'protection', 'delta', 'known', 'variants']","[64, 8, 158, 152, 157, 141, 142, 159, 1, 22, 479, 438, 152, 686, 157]"
Anthony Fauci suggested a family to use hydroxychloroquine as COVID-19 treatment,1,"['anthony', 'fauci', 'suggested', 'family', 'use', 'hydroxychloroquine', 'covid', 'treatment']","[635, 687, 1, 95, 183, 639, 59, 99]"
"COVID-19 vaccinations are “a violation of the Nuremberg code.""",1,"['covid', 'vaccinations', 'violation', 'nuremberg', 'code']","[59, 285, 1, 1, 533]"
Ultrasound always harms the baby. Please verify with doctor. This is based on personal experience.,1,"['ultrasound', 'always', 'harms', 'baby', 'please', 'verify', 'doctor', 'based', 'personal', 'experience']","[319, 48, 320, 195, 57, 58, 16, 466, 467, 468]"
"Someone claimed: Most childhood fevers are viral, so medical advice is never needed.",0,"['someone', 'claimed', 'childhood', 'fevers', 'viral', 'medical', 'advice', 'never', 'needed']","[229, 230, 218, 219, 220, 80, 221, 222, 106]"
"Get ready for your return to the spotlight by getting your #COVID19 vaccine as soon as you can. COVID-19 vaccines are safe and effective, and they’re the way to get back to the things we love with the people we love. More: https://bit.ly/2IWccCd",0,"['get', 'ready', 'return', 'spotlight', 'getting', 'vaccine', 'soon', 'covid', 'vaccines', 'safe', 'effective', 'theyre', 'way', 'get', 'back', 'things', 'love', 'people', 'love']","[34, 1, 341, 1, 141, 35, 159, 59, 22, 395, 433, 688, 30, 34, 608, 228, 689, 140, 689]"
Do not take a baby with high fever to a doctor; use home oil massage.,1,"['take', 'baby', 'high', 'fever', 'doctor', 'use', 'home', 'oil', 'massage']","[15, 195, 109, 110, 16, 183, 196, 197, 198]"
ICMR removes Ivermectin and Hydroxycholoquine (HCQ) from Covid-19 treatment guidelines #ETIndustryNews,0,"['icmr', 'removes', 'ivermectin', 'hydroxycholoquine', 'hcq', 'covid', 'treatment', 'guidelines']","[609, 296, 690, 1, 1, 59, 99, 315]"
Pregnant people should avoid all vaccines and checkups.,1,"['pregnant', 'people', 'avoid', 'vaccines', 'checkups']","[265, 140, 266, 22, 267]"
Forwarded message: Vaccination can reduce the risk of severe COVID-19 outcomes.,0,"['forwarded', 'message', 'vaccination', 'reduce', 'risk', 'severe', 'covid', 'outcomes']","[274, 275, 122, 326, 471, 76, 59, 279]"
Parents: Help your college student get fully vaccinated against #COVID19 before they return to campus. Vaccines are the best way to keep college students from getting and spreading the virus that causes COVID-19. More: https://bit.ly/365ZZ62,0,"['parents', 'help', 'college', 'student', 'get', 'fully', 'vaccinated', 'return', 'campus', 'vaccines', 'best', 'way', 'keep', 'college', 'students', 'getting', 'spreading', 'virus', 'causes', 'covid']","[539, 64, 611, 1, 34, 227, 142, 341, 614, 22, 98, 30, 451, 611, 488, 141, 380, 281, 108, 59]"
"Antibiotics can cause side effects, so patients should never use them. #health #viral",0,"['antibiotics', 'cause', 'side', 'effects', 'patients', 'never', 'use']","[42, 88, 12, 13, 181, 222, 183]"
A vitamin drink works better than vaccines for general wellness!!!,1,"['vitamin', 'drink', 'works', 'better', 'vaccines', 'general', 'wellness']","[19, 5, 20, 21, 22, 23, 24]"
A balanced diet supports general health. This is based on personal experience.,0,"['balanced', 'diet', 'supports', 'general', 'health', 'based', 'personal', 'experience']","[112, 113, 114, 23, 62, 466, 467, 468]"
Stop taking prescribed medicine and inhale steam to cure COVID completely.,1,"['stop', 'taking', 'prescribed', 'medicine', 'inhale', 'steam', 'cure', 'covid', 'completely']","[8, 41, 44, 244, 245, 246, 247, 59, 74]"
The CDC is removing PCR tests from the COVID-19 detection procedure because they are unsuitable for detecting the virus.,1,"['cdc', 'removing', 'pcr', 'tests', 'covid', 'detection', 'procedure', 'unsuitable', 'detecting', 'virus']","[27, 1, 316, 607, 59, 597, 1, 1, 1, 281]"
"Doctor said online: Insulin may cause low blood sugar, so patients should avoid it. This is based on personal experience.",0,"['doctor', 'said', 'online', 'insulin', 'may', 'cause', 'low', 'blood', 'sugar', 'patients', 'avoid', 'based', 'personal', 'experience']","[16, 17, 18, 367, 77, 88, 386, 52, 89, 181, 266, 466, 467, 468]"
Detox water removes all toxins from the body overnight. Many people are talking about this.,1,"['detox', 'water', 'removes', 'toxins', 'body', 'overnight', 'many', 'people', 'talking']","[295, 7, 296, 297, 298, 299, 293, 140, 294]"
Health tip: Early cancer screening can improve treatment outcomes. This is based on personal experience.,0,"['health', 'tip', 'early', 'cancer', 'screening', 'improve', 'treatment', 'outcomes', 'based', 'personal', 'experience']","[62, 111, 276, 73, 277, 278, 99, 279, 466, 467, 468]"
Ignore chest pain and drink cold water to stop a heart attack.,1,"['ignore', 'chest', 'pain', 'drink', 'cold', 'water', 'stop', 'heart', 'attack']","[2, 3, 4, 5, 6, 7, 8, 9, 10]"
"Insulin may cause low blood sugar, so patients should avoid it.",0,"['insulin', 'may', 'cause', 'low', 'blood', 'sugar', 'patients', 'avoid']","[367, 77, 88, 386, 52, 89, 181, 266]"
Detox water removes all toxins from the body overnight.,1,"['detox', 'water', 'removes', 'toxins', 'body', 'overnight']","[295, 7, 296, 297, 298, 299]"
"Some medications are risky in pregnancy, so all medicines must be stopped. Please verify with dr. This is based on personal experience. #health #viral",0,"['medications', 'risky', 'pregnancy', 'medicines', 'must', 'stopped', 'please', 'verify', 'dr', 'based', 'personal', 'experience']","[39, 67, 68, 31, 69, 70, 57, 58, 231, 466, 467, 468]"
Early cancer screening can improve treatment outcomes. Source not verified.,0,"['early', 'cancer', 'screening', 'improve', 'treatment', 'outcomes', 'source', 'verified']","[276, 73, 277, 278, 99, 279, 257, 258]"
"Most childhood fevers are viral, so medical advice is never needed.",0,"['childhood', 'fevers', 'viral', 'medical', 'advice', 'never', 'needed']","[218, 219, 220, 80, 221, 222, 106]"
Regular monitoring of blood glucose helps diabetes management.,0,"['regular', 'monitoring', 'blood', 'glucose', 'helps', 'diabetes', 'management']","[50, 51, 52, 53, 54, 55, 56]"
Health tip: Hot water may kill coronavirus inside the throat!!! Please verify with doctor!!! #health #viral,1,"['health', 'tip', 'hot', 'water', 'may', 'kill', 'coronavirus', 'inside', 'throat', 'please', 'verify', 'doctor']","[62, 111, 375, 7, 77, 376, 377, 378, 379, 57, 58, 16]"
Severe chest pain may require urgent medical attention.,0,"['severe', 'chest', 'pain', 'may', 'require', 'urgent', 'medical', 'attention']","[76, 3, 4, 77, 78, 79, 80, 81]"
Stop insulin and use bitter melon juice instead.,1,"['stop', 'insulin', 'use', 'bitter', 'melon', 'juice', 'instead']","[8, 367, 183, 368, 369, 370, 371]"
Ultrasound always harms the baby. Context is unclear.,1,"['ultrasound', 'always', 'harms', 'baby', 'context', 'unclear']","[319, 48, 320, 195, 25, 26]"
Someone claimed: A balanced diet supports general health. #health #viral,0,"['someone', 'claimed', 'balanced', 'diet', 'supports', 'general', 'health']","[229, 230, 112, 113, 114, 23, 62]"
claims a patent for a COVID-19 testing system was issued in 2015.,1,"['claims', 'patent', 'covid', 'testing', 'system', 'issued']","[398, 543, 59, 314, 352, 400]"
Ultrasound always harms the baby. Context is unclear.,1,"['ultrasound', 'always', 'harms', 'baby', 'context', 'unclear']","[319, 48, 320, 195, 25, 26]"
"Antibiotics can cause side effects, so patients shud never use them.",0,"['antibiotics', 'cause', 'side', 'effects', 'patients', 'shud', 'never', 'use']","[42, 88, 12, 13, 181, 273, 222, 183]"
Solar eclipse will create bacteria and virus and result in the third wave of COVID-19.,1,"['solar', 'eclipse', 'create', 'bacteria', 'virus', 'result', 'third', 'wave', 'covid']","[1, 1, 1, 1, 281, 1, 463, 464, 59]"
A balanced diet supports general health.,0,"['balanced', 'diet', 'supports', 'general', 'health']","[112, 113, 114, 23, 62]"
27 US Air Force pilots have resigned due to the COVID-19 vaccine mandate,1,"['us', 'air', 'force', 'pilots', 'resigned', 'due', 'covid', 'vaccine', 'mandate']","[117, 691, 692, 476, 1, 625, 59, 35, 1]"
Vitamin D treatment for COVID-19 patients can reduce deaths by up to 60%.,1,"['vitamin', 'treatment', 'covid', 'patients', 'reduce', 'deaths']","[19, 99, 59, 181, 326, 307]"
Suicidal thoughts require immediate support and professional help.,0,"['suicidal', 'thoughts', 'require', 'immediate', 'support', 'professional', 'help']","[160, 161, 78, 162, 163, 164, 64]"
"Breaking health advice: Antibiotics can cause side effects, so patients should never use them. Please verify with doctor.",0,"['breaking', 'health', 'advice', 'antibiotics', 'cause', 'side', 'effects', 'patients', 'never', 'use', 'please', 'verify', 'doctor']","[115, 62, 221, 42, 88, 12, 13, 181, 222, 183, 57, 58, 16]"
"Most young people recover from COVID, so prevention is unnecessary. Source not verified.",0,"['young', 'people', 'recover', 'covid', 'prevention', 'unnecessary', 'source', 'verified']","[207, 140, 208, 59, 209, 210, 257, 258]"
Anaesthesia must not be used to those who have just received Covid-19 vaccine,1,"['anaesthesia', 'must', 'used', 'received', 'covid', 'vaccine']","[1, 69, 43, 225, 59, 35]"
Depression can be cured by stopping all psychiatric medication.,1,"['depression', 'cured', 'stopping', 'psychiatric', 'medication']","[101, 102, 103, 104, 105]"
"Most young people recover from COVID, so prevention is unnecessary. This may not apply to everyone.",0,"['young', 'people', 'recover', 'covid', 'prevention', 'unnecessary', 'may', 'apply', 'everyone']","[207, 140, 208, 59, 209, 210, 77, 85, 86]"
Detox water removes all toxins from the body overnight. Context is unclear.,1,"['detox', 'water', 'removes', 'toxins', 'body', 'overnight', 'context', 'unclear']","[295, 7, 296, 297, 298, 299, 25, 26]"
"A table shows ""the PLANNED COVID-19 VARIANTS"" and ""when they will be ‘released’ to the media.""",1,"['table', 'shows', 'planned', 'covid', 'variants', 'released', 'media']","[1, 455, 301, 59, 157, 693, 694]"
Lemon water prevents all cancer if taken every morning!!!,1,"['lemon', 'water', 'prevents', 'cancer', 'taken', 'every', 'morning']","[372, 7, 126, 73, 373, 127, 374]"
Positive thinking alone cures clinical depression. #health #viral,1,"['positive', 'thinking', 'alone', 'cures', 'clinical', 'depression']","[168, 232, 179, 72, 194, 101]"
"Vaccines can cause mild fever, so they are unsafe for everyone. Please verify with doctor. #health #viral",0,"['vaccines', 'cause', 'mild', 'fever', 'unsafe', 'everyone', 'please', 'verify', 'doctor']","[22, 88, 345, 110, 291, 86, 57, 58, 16]"
"Chemotherapy has side effects, so it should always be refused. Source not verified. Context is unclear.",0,"['chemotherapy', 'side', 'effects', 'always', 'refused', 'source', 'verified', 'context', 'unclear']","[47, 12, 13, 48, 49, 257, 258, 25, 26]"
"Insulin may cause low blood sugar, so patients should avoid it.",0,"['insulin', 'may', 'cause', 'low', 'blood', 'sugar', 'patients', 'avoid']","[367, 77, 88, 386, 52, 89, 181, 266]"
Vaccination can reduce the risk of severe COVID-19 outcomes!!!,0,"['vaccination', 'reduce', 'risk', 'severe', 'covid', 'outcomes']","[122, 326, 471, 76, 59, 279]"
920 women lose their unborn babies after getting vaccinated.,1,"['women', 'lose', 'unborn', 'babies', 'getting', 'vaccinated']","[695, 593, 1, 1, 141, 142]"
Aspirin prevents every heart attack for every adult. Please verify with doctor.,1,"['aspirin', 'prevents', 'every', 'heart', 'attack', 'every', 'adult', 'please', 'verify', 'doctor']","[125, 126, 127, 9, 10, 127, 128, 57, 58, 16]"
"In the Turkish Republic of Northern Cyprus, Dr. Johnson & Johnson’s vaccine has been removed at the Dr. Suat Günsel University of Kyrenia Hospital.",1,"['turkish', 'republic', 'northern', 'cyprus', 'dr', 'johnson', 'johnsons', 'vaccine', 'removed', 'dr', 'suat', 'gnsel', 'university', 'kyrenia', 'hospital']","[1, 1, 1, 1, 231, 1, 1, 35, 1, 231, 1, 1, 548, 1, 590]"
"Exercise improves heart health, so medication is never needed!!!",0,"['exercise', 'improves', 'heart', 'health', 'medication', 'never', 'needed']","[623, 624, 9, 62, 105, 222, 106]"
Prenatal care helps monitor maternal and fetal health!!! #health #viral Context is unclear.,0,"['prenatal', 'care', 'helps', 'monitor', 'maternal', 'fetal', 'health', 'context', 'unclear']","[129, 130, 54, 131, 132, 133, 62, 25, 26]"
Ultrasound always harms the baby.,1,"['ultrasound', 'always', 'harms', 'baby']","[319, 48, 320, 195]"
"Chemotherapy has side effects, so it should always be refused. Ask a clinician before acting.",0,"['chemotherapy', 'side', 'effects', 'always', 'refused', 'ask', 'clinician', 'acting']","[47, 12, 13, 48, 49, 268, 46, 269]"
Says the COVID-19 vaccine doesn’t “prevent catching or spreading” the virus “and only lasts months.”,1,"['says', 'covid', 'vaccine', 'doesnt', 'prevent', 'catching', 'spreading', 'virus', 'lasts', 'months']","[145, 59, 35, 28, 394, 1, 380, 281, 1, 171]"
The false or unproven claims about COVID-19 vaccines in the letter addressed to the president of the Valencia College of Physicians,1,"['false', 'unproven', 'claims', 'covid', 'vaccines', 'letter', 'addressed', 'president', 'valencia', 'college', 'physicians']","[696, 697, 398, 59, 22, 508, 698, 477, 699, 611, 700]"
People who are moderately to severely immunocompromised may not build the same level of protection against #COVID19 following a 2-dose vaccine series compared to others. CDC recommends that this group gets an additional dose of COVID-19 vaccine: https://bit.ly/3yLmOc5 ,0,"['people', 'moderately', 'severely', 'immunocompromised', 'may', 'build', 'level', 'protection', 'following', 'dose', 'vaccine', 'series', 'compared', 'others', 'cdc', 'recommends', 'group', 'gets', 'additional', 'dose', 'covid', 'vaccine']","[140, 1, 201, 1, 77, 613, 701, 438, 1, 226, 35, 1, 632, 450, 27, 702, 520, 1, 703, 226, 59, 35]"
"""FDA confirms PCR tests not accurate for testing COVID.""",1,"['fda', 'confirms', 'pcr', 'tests', 'accurate', 'testing', 'covid']","[332, 1, 316, 607, 704, 314, 59]"
Teething always causes very high fever.,1,"['teething', 'always', 'causes', 'high', 'fever']","[107, 48, 108, 109, 110]"
Stop taking prescribed medicine and inhale steam to cure COVID completely. Please verify with doctor. Ask a clinician before acting.,1,"['stop', 'taking', 'prescribed', 'medicine', 'inhale', 'steam', 'cure', 'covid', 'completely', 'please', 'verify', 'doctor', 'ask', 'clinician', 'acting']","[8, 41, 44, 244, 245, 246, 247, 59, 74, 57, 58, 16, 268, 46, 269]"
"Vaccines can cause mild fever, so they are unsafe for everyone.",0,"['vaccines', 'cause', 'mild', 'fever', 'unsafe', 'everyone']","[22, 88, 345, 110, 291, 86]"
"#DeltaVariant surging in U.S. New data show Delta much more contagious than previous versions of #COVID19. Unvaccinated people: get vaccinated & mask until you do. Everyone in areas of substantial/high transmission should wear a mask, even if vaccinated. http://cdc.gov/coronavirus",0,"['surging', 'us', 'new', 'data', 'show', 'delta', 'much', 'contagious', 'previous', 'versions', 'unvaccinated', 'people', 'get', 'vaccinated', 'mask', 'everyone', 'areas', 'substantialhigh', 'transmission', 'wear', 'mask', 'even', 'vaccinated']","[396, 117, 134, 324, 236, 152, 705, 1, 706, 1, 355, 140, 34, 142, 388, 86, 604, 1, 707, 447, 388, 493, 142]"
Vaccination against COVID-19 causes new strains of the virus,1,"['vaccination', 'covid', 'causes', 'new', 'strains', 'virus']","[122, 59, 108, 134, 708, 281]"
CDC to invest $2.1 billion in healthcare #InfectionControl to strengthen and equip state and other public health departments and other partner organizations in the fight against #COVID19 & other infectious diseases. https://bit.ly/2B-for-IPC,0,"['cdc', 'invest', 'billion', 'healthcare', 'strengthen', 'equip', 'state', 'public', 'health', 'departments', 'partner', 'organizations', 'fight', 'infectious', 'diseases']","[27, 1, 1, 37, 1, 1, 248, 252, 62, 709, 1, 429, 356, 1, 710]"
A viral post says: Teething always causes very high fever. Share this with family. Context is unclear.,1,"['viral', 'post', 'says', 'teething', 'always', 'causes', 'high', 'fever', 'share', 'family', 'context', 'unclear']","[220, 344, 145, 107, 48, 108, 109, 110, 94, 95, 25, 26]"
"Immunity takes time, but not too much time! You’re considered fully vaccinated 2 weeks after getting your final dose of a COVID-19 vaccine. Learn more at http://vaccines.gov.",0,"['immunity', 'takes', 'time', 'much', 'time', 'youre', 'considered', 'fully', 'vaccinated', 'weeks', 'getting', 'final', 'dose', 'covid', 'vaccine', 'learn']","[711, 712, 33, 705, 33, 40, 713, 227, 142, 414, 141, 714, 226, 59, 35, 66]"
"As of June 14, 2021, more than 174.2 million people had received at least one dose of #COVID19 vaccine. Of those, over 144.9 million are fully vaccinated. If you’re fully vaccinated, you can do things you couldn't do because of the pandemic. More: http://bit.ly/CDT_vaccine",0,"['june', 'million', 'people', 'received', 'least', 'one', 'dose', 'vaccine', 'million', 'fully', 'vaccinated', 'youre', 'fully', 'vaccinated', 'things', 'couldnt', 'pandemic']","[303, 224, 140, 225, 170, 214, 226, 35, 224, 227, 142, 40, 227, 142, 228, 1, 65]"
"Doctor said online: Most childhood fevers are viral, so medical advice is never needed.",0,"['doctor', 'said', 'online', 'childhood', 'fevers', 'viral', 'medical', 'advice', 'never', 'needed']","[16, 17, 18, 218, 219, 220, 80, 221, 222, 106]"
Those who eat meat from vaccinated animals will get “VAXXED” by consuming the meat.,1,"['eat', 'meat', 'vaccinated', 'animals', 'get', 'vaxxed', 'consuming', 'meat']","[650, 715, 142, 716, 34, 1, 1, 715]"
Garlic water cures cancer completly without chemotherapy. Source not verified.,1,"['garlic', 'water', 'cures', 'cancer', 'completly', 'without', 'chemotherapy', 'source', 'verified']","[71, 7, 72, 73, 256, 75, 47, 257, 258]"
High fever in infants should be evaluated by a healthcare professional. #health #viral,0,"['high', 'fever', 'infants', 'evaluated', 'healthcare', 'professional']","[109, 110, 594, 595, 37, 164]"
"Exercise improves heart health, so medication is never needed.",0,"['exercise', 'improves', 'heart', 'health', 'medication', 'never', 'needed']","[623, 624, 9, 62, 105, 222, 106]"
Health tip: Prenatal care helps monitor maternal and fetal health.,0,"['health', 'tip', 'prenatal', 'care', 'helps', 'monitor', 'maternal', 'fetal', 'health']","[62, 111, 129, 130, 54, 131, 132, 133, 62]"
"#COVID19 diagnostic tests can detect all variants but won't tell you which variant you have. If you test positive, your sample may be sent to CDC or partners for sequencing, a lab technique that analyzes your sample to tell which variant is present. https://bit.ly/3pe5g2J",0,"['diagnostic', 'tests', 'detect', 'variants', 'wont', 'tell', 'variant', 'test', 'positive', 'sample', 'may', 'sent', 'cdc', 'partners', 'sequencing', 'lab', 'technique', 'analyzes', 'sample', 'tell', 'variant', 'present']","[717, 607, 718, 157, 1, 719, 153, 87, 168, 720, 77, 1, 27, 524, 1, 1, 1, 1, 720, 719, 153, 1]"
"Vaccines can cause mild fever, so they are unsafe for everyone.",0,"['vaccines', 'cause', 'mild', 'fever', 'unsafe', 'everyone']","[22, 88, 345, 110, 291, 86]"
Forwarded message: Prenatal care helps monitor maternal and fetal health!!! #health #viral,0,"['forwarded', 'message', 'prenatal', 'care', 'helps', 'monitor', 'maternal', 'fetal', 'health']","[274, 275, 129, 130, 54, 131, 132, 133, 62]"
"Most childhood fevers are viral, so medical advice is never needed. This is based on personal experience. Context is unclear.",0,"['childhood', 'fevers', 'viral', 'medical', 'advice', 'never', 'needed', 'based', 'personal', 'experience', 'context', 'unclear']","[218, 219, 220, 80, 221, 222, 106, 466, 467, 468, 25, 26]"
"Global leaders attending the #COVIDSummit commit further financing, dose donations, support for country readiness and delivery and scale-up of global manufacturing, to enable equitable access to #COVID19 vaccines",0,"['global', 'leaders', 'attending', 'commit', 'financing', 'dose', 'donations', 'support', 'country', 'readiness', 'delivery', 'scaleup', 'global', 'manufacturing', 'enable', 'equitable', 'access', 'vaccines']","[669, 721, 1, 1, 1, 226, 1, 163, 722, 1, 436, 1, 669, 1, 1, 723, 558, 22]"
Pregnant people should avoid all vaccines and checkups.,1,"['pregnant', 'people', 'avoid', 'vaccines', 'checkups']","[265, 140, 266, 22, 267]"
Depression can be cured by stopping all psychiatric medication!!! Context is unclear.,1,"['depression', 'cured', 'stopping', 'psychiatric', 'medication', 'context', 'unclear']","[101, 102, 103, 104, 105, 25, 26]"
"In a forum, a user wrote: Severe chest pain may require urgent medical attention. Context is unclear.",0,"['forum', 'user', 'wrote', 'severe', 'chest', 'pain', 'may', 'require', 'urgent', 'medical', 'attention', 'context', 'unclear']","[82, 83, 84, 76, 3, 4, 77, 78, 79, 80, 81, 25, 26]"
Pregnant people should avoid all vaccines and checkups. Please verify with doctor. This may not apply to everyone.,1,"['pregnant', 'people', 'avoid', 'vaccines', 'checkups', 'please', 'verify', 'doctor', 'may', 'apply', 'everyone']","[265, 140, 266, 22, 267, 57, 58, 16, 77, 85, 86]"
Garlic water cures cancer completely without chemotherapy. Ask a clinician before acting. Context is unclear.,1,"['garlic', 'water', 'cures', 'cancer', 'completely', 'without', 'chemotherapy', 'ask', 'clinician', 'acting', 'context', 'unclear']","[71, 7, 72, 73, 74, 75, 47, 268, 46, 269, 25, 26]"
"Forwarded message: Vaccines can cause mild fever, so they are unsafe for everyone. Source not verified.",0,"['forwarded', 'message', 'vaccines', 'cause', 'mild', 'fever', 'unsafe', 'everyone', 'source', 'verified']","[274, 275, 22, 88, 345, 110, 291, 86, 257, 258]"
A viral post says: Pregnant people should avoid all vaccines and checkups.,1,"['viral', 'post', 'says', 'pregnant', 'people', 'avoid', 'vaccines', 'checkups']","[220, 344, 145, 265, 140, 266, 22, 267]"
Forwarded message: Suicidal thoughts require immediate support and professional help.,0,"['forwarded', 'message', 'suicidal', 'thoughts', 'require', 'immediate', 'support', 'professional', 'help']","[274, 275, 160, 161, 78, 162, 163, 164, 64]"
Lemon water prevents all cancer if taken every morning. Please verify with doctor.,1,"['lemon', 'water', 'prevents', 'cancer', 'taken', 'every', 'morning', 'please', 'verify', 'doctor']","[372, 7, 126, 73, 373, 127, 374, 57, 58, 16]"
Antibiotics should be used as prescribed by a qualified clinician. Context is unclear.,0,"['antibiotics', 'used', 'prescribed', 'qualified', 'clinician', 'context', 'unclear']","[42, 43, 44, 45, 46, 25, 26]"
G7 countries came out for forced vaccination and against a healthy lifestyle.,1,"['g', 'countries', 'came', 'forced', 'vaccination', 'healthy', 'lifestyle']","[546, 407, 1, 1, 122, 560, 1]"
Pregnant people should avoid all vaccines and checkups.,1,"['pregnant', 'people', 'avoid', 'vaccines', 'checkups']","[265, 140, 266, 22, 267]"
"Most young people recover from COVID, so prevention is unnecessary. Please verify with doctor. Context is unclear.",0,"['young', 'people', 'recover', 'covid', 'prevention', 'unnecessary', 'please', 'verify', 'doctor', 'context', 'unclear']","[207, 140, 208, 59, 209, 210, 57, 58, 16, 25, 26]"
Lemon water prevents all cancer if taken every morning. Context is unclear.,1,"['lemon', 'water', 'prevents', 'cancer', 'taken', 'every', 'morning', 'context', 'unclear']","[372, 7, 126, 73, 373, 127, 374, 25, 26]"
High fever in infants should be evaluated by a healthcare professional.,0,"['high', 'fever', 'infants', 'evaluated', 'healthcare', 'professional']","[109, 110, 594, 595, 37, 164]"
“Americans not vaccinated before 2022 will be put in camps”,1,"['americans', 'vaccinated', 'put', 'camps']","[671, 142, 384, 672]"
A study found an “82% miscarriage rate” among women between 30 days and 20 weeks pregnant who got an mRNA COVID-19 vaccine.,1,"['study', 'found', 'miscarriage', 'rate', 'among', 'women', 'days', 'weeks', 'pregnant', 'got', 'mrna', 'covid', 'vaccine']","[321, 724, 1, 725, 151, 695, 239, 414, 265, 656, 238, 59, 35]"
Someone claimed: Cinnamon alone can control blood sugar in all diabetes patients.,1,"['someone', 'claimed', 'cinnamon', 'alone', 'control', 'blood', 'sugar', 'diabetes', 'patients']","[229, 230, 178, 179, 180, 52, 89, 55, 181]"
A balanced diet supports general health. This is based on personal experience.,0,"['balanced', 'diet', 'supports', 'general', 'health', 'based', 'personal', 'experience']","[112, 113, 114, 23, 62, 466, 467, 468]"
Vaccination can reduce the risk of severe COVID-19 outcomes.,0,"['vaccination', 'reduce', 'risk', 'severe', 'covid', 'outcomes']","[122, 326, 471, 76, 59, 279]"
Use leftover antibiotics whenever you feel feverish.,1,"['use', 'leftover', 'antibiotics', 'whenever', 'feel', 'feverish']","[183, 184, 42, 185, 186, 187]"
Stop insulin and use bitter melon juice instead.,1,"['stop', 'insulin', 'use', 'bitter', 'melon', 'juice', 'instead']","[8, 367, 183, 368, 369, 370, 371]"
Severe chest pain may require urgent medical attention.,0,"['severe', 'chest', 'pain', 'may', 'require', 'urgent', 'medical', 'attention']","[76, 3, 4, 77, 78, 79, 80, 81]"
Forwarded message: Antibiotics should be used as prescribed by a qualified clinician. Please verify with doctor.,0,"['forwarded', 'message', 'antibiotics', 'used', 'prescribed', 'qualified', 'clinician', 'please', 'verify', 'doctor']","[274, 275, 42, 43, 44, 45, 46, 57, 58, 16]"
Detox water removes all toxins from the body overnight. #health #viral,1,"['detox', 'water', 'removes', 'toxins', 'body', 'overnight']","[295, 7, 296, 297, 298, 299]"
Stop insulin and use bitter melon juice instead. Share this with family. #health #viral,1,"['stop', 'insulin', 'use', 'bitter', 'melon', 'juice', 'instead', 'share', 'family']","[8, 367, 183, 368, 369, 370, 371, 94, 95]"
The CDC released data showing seven out of 10 Americans are declining a COVID-19 vaccine,1,"['cdc', 'released', 'data', 'showing', 'seven', 'americans', 'declining', 'covid', 'vaccine']","[27, 693, 324, 365, 1, 671, 1, 59, 35]"
Breaking health advice: A vitamin drink works better than vaccines for general wellness. #health #viral Context is unclear.,1,"['breaking', 'health', 'advice', 'vitamin', 'drink', 'works', 'better', 'vaccines', 'general', 'wellness', 'context', 'unclear']","[115, 62, 221, 19, 5, 20, 21, 22, 23, 24, 25, 26]"
"Most young people recover from COVID, so prevention is unnecessary.",0,"['young', 'people', 'recover', 'covid', 'prevention', 'unnecessary']","[207, 140, 208, 59, 209, 210]"
"COVID-19 vaccines threaten people's fertility, no matter their type of reproductive systems.",1,"['covid', 'vaccines', 'threaten', 'peoples', 'fertility', 'matter', 'type', 'reproductive', 'systems']","[59, 22, 1, 534, 193, 1, 1, 726, 206]"
Vaccination can reduce the risk of severe COVID-19 outcomes. #health #viral Context is unclear.,0,"['vaccination', 'reduce', 'risk', 'severe', 'covid', 'outcomes', 'context', 'unclear']","[122, 326, 471, 76, 59, 279, 25, 26]"
A viral post says: Aspirin prevents every heart attack for every adult. Please verify with doctor. Context is unclear.,1,"['viral', 'post', 'says', 'aspirin', 'prevents', 'every', 'heart', 'attack', 'every', 'adult', 'please', 'verify', 'doctor', 'context', 'unclear']","[220, 344, 145, 125, 126, 127, 9, 10, 127, 128, 57, 58, 16, 25, 26]"
These are planned COVID-19 variants – just look at the dates when they will be ‘released’ to the media.,1,"['planned', 'covid', 'variants', 'look', 'dates', 'released', 'media']","[301, 59, 157, 425, 553, 693, 694]"
"The proportion of #COVID19 vaccinations given to Black and Hispanic people increased in North Carolina thanks to creative strategies for vaccine distribution, according to a new @CDCMMWR . Read more: http://bit.ly/MMWR71621.",0,"['proportion', 'vaccinations', 'given', 'black', 'hispanic', 'people', 'increased', 'north', 'carolina', 'thanks', 'creative', 'strategies', 'vaccine', 'distribution', 'according', 'new', 'cdcmmwr', 'read']","[674, 285, 727, 177, 1, 140, 500, 1, 1, 1, 1, 728, 35, 1, 681, 134, 165, 260]"
High fever in infants should be evaluated by a healthcare professional. Source not verified.,0,"['high', 'fever', 'infants', 'evaluated', 'healthcare', 'professional', 'source', 'verified']","[109, 110, 594, 595, 37, 164, 257, 258]"
Suicidal thoughts require immediate support and professional help.,0,"['suicidal', 'thoughts', 'require', 'immediate', 'support', 'professional', 'help']","[160, 161, 78, 162, 163, 164, 64]"
Hot water may kill coronavirus inside the throat. Please verify with doctor. #health #viral,1,"['hot', 'water', 'may', 'kill', 'coronavirus', 'inside', 'throat', 'please', 'verify', 'doctor']","[375, 7, 77, 376, 377, 378, 379, 57, 58, 16]"
Use leftover antibiotics whenever you feel feverish. Please verify with dr.,1,"['use', 'leftover', 'antibiotics', 'whenever', 'feel', 'feverish', 'please', 'verify', 'dr']","[183, 184, 42, 185, 186, 187, 57, 58, 231]"
Depression can be cured by stopping all psychiatric medication.,1,"['depression', 'cured', 'stopping', 'psychiatric', 'medication']","[101, 102, 103, 104, 105]"
The unvaccinated have escaped every single strain or 'variant’ of SARS-CoV-2.,1,"['unvaccinated', 'escaped', 'every', 'single', 'strain', 'variant', 'sarscov']","[355, 1, 127, 1, 458, 153, 156]"
Vaccines permanently damage fertility and shud be avoided.,1,"['vaccines', 'permanently', 'damage', 'fertility', 'shud', 'avoided']","[22, 191, 192, 193, 273, 93]"
Vaccines help the immune system recognize infections. Please verify with doctor.,0,"['vaccines', 'help', 'immune', 'system', 'recognize', 'infections', 'please', 'verify', 'doctor']","[22, 64, 182, 352, 353, 150, 57, 58, 16]"
"Some medications are risky in pregnancy, so all medicines must be stopped. This may not apply to everyone.",0,"['medications', 'risky', 'pregnancy', 'medicines', 'must', 'stopped', 'may', 'apply', 'everyone']","[39, 67, 68, 31, 69, 70, 77, 85, 86]"
Positive thinking alone cures clinical depression.,1,"['positive', 'thinking', 'alone', 'cures', 'clinical', 'depression']","[168, 232, 179, 72, 194, 101]"
Prenatal care helps monitor maternal and fetal health. Please verify with doctor.,0,"['prenatal', 'care', 'helps', 'monitor', 'maternal', 'fetal', 'health', 'please', 'verify', 'doctor']","[129, 130, 54, 131, 132, 133, 62, 57, 58, 16]"
Health tip: Antibiotics cure all viral infections. Many people are talking about this.,1,"['health', 'tip', 'antibiotics', 'cure', 'viral', 'infections', 'many', 'people', 'talking']","[62, 111, 42, 247, 220, 150, 293, 140, 294]"
US former president Barack Obama revealed that the COVID-19 is US-made to kill Asians,1,"['us', 'former', 'president', 'barack', 'obama', 'revealed', 'covid', 'usmade', 'kill', 'asians']","[117, 1, 477, 1, 1, 1, 59, 1, 376, 1]"
"Some medications are risky in pregnancy, so all medicines must be stopped.",0,"['medications', 'risky', 'pregnancy', 'medicines', 'must', 'stopped']","[39, 67, 68, 31, 69, 70]"
Suicidal thoughts require immediate support and professional help.,0,"['suicidal', 'thoughts', 'require', 'immediate', 'support', 'professional', 'help']","[160, 161, 78, 162, 163, 164, 64]"
Someone claimed: Cinnamon alone can control blood sugar in all diabetes patients.,1,"['someone', 'claimed', 'cinnamon', 'alone', 'control', 'blood', 'sugar', 'diabetes', 'patients']","[229, 230, 178, 179, 180, 52, 89, 55, 181]"
A viral post says: Garlic water cures cancer completely without chemotherapy.,1,"['viral', 'post', 'says', 'garlic', 'water', 'cures', 'cancer', 'completely', 'without', 'chemotherapy']","[220, 344, 145, 71, 7, 72, 73, 74, 75, 47]"
Cinnamon alone can control blood sugar in all diabetes patients.,1,"['cinnamon', 'alone', 'control', 'blood', 'sugar', 'diabetes', 'patients']","[178, 179, 180, 52, 89, 55, 181]"
"Some medications are risky in pregnancy, so all medicines must be stopped.",0,"['medications', 'risky', 'pregnancy', 'medicines', 'must', 'stopped']","[39, 67, 68, 31, 69, 70]"
"In a forum, a user wrote: Detox water removes all toxins from the body overnight.",1,"['forum', 'user', 'wrote', 'detox', 'water', 'removes', 'toxins', 'body', 'overnight']","[82, 83, 84, 295, 7, 296, 297, 298, 299]"
CDC’s Neetu Abad & Lis Wilhelm have found that listening to what other people say can make the difference in helping them decide to get vaccinated. Neetu and Lis are using this approach around the world to encourage vaccination against #COVID19. More: https://bit.ly/3jXMahV.,0,"['cdcs', 'neetu', 'abad', 'lis', 'wilhelm', 'found', 'listening', 'people', 'say', 'make', 'difference', 'helping', 'decide', 'get', 'vaccinated', 'neetu', 'lis', 'using', 'approach', 'around', 'world', 'encourage', 'vaccination']","[146, 729, 1, 730, 1, 724, 1, 140, 731, 732, 1, 1, 1, 34, 142, 729, 730, 1, 1, 32, 462, 538, 122]"
Recommended childhood vaccinations are an important part of children’s safe return to school. Check with your child’s doctor to make sure they’re protected against vaccine-preventable diseases. https://bit.ly/3qDADEG #VaccinesWork,0,"['recommended', 'childhood', 'vaccinations', 'important', 'part', 'childrens', 'safe', 'return', 'school', 'check', 'childs', 'doctor', 'make', 'sure', 'theyre', 'protected', 'vaccinepreventable', 'diseases']","[292, 218, 285, 469, 63, 733, 395, 341, 491, 734, 735, 16, 732, 736, 688, 575, 737, 710]"
"#Parents: Keep your kids safe as they return to school. Get your kids ages 12 years and up vaccinated against #COVID19 as soon as possible. Remind children ages 2 years and older that they should wear masks indoors, including in school and daycare. More: https://bit.ly/3uFSUUu",0,"['keep', 'kids', 'safe', 'return', 'school', 'get', 'kids', 'ages', 'years', 'vaccinated', 'soon', 'possible', 'remind', 'children', 'ages', 'years', 'older', 'wear', 'masks', 'indoors', 'including', 'school', 'daycare']","[451, 530, 395, 341, 491, 34, 530, 517, 542, 142, 159, 738, 616, 351, 517, 542, 174, 447, 664, 739, 559, 491, 1]"
Prenatal care helps monitor maternal and fetal health.,0,"['prenatal', 'care', 'helps', 'monitor', 'maternal', 'fetal', 'health']","[129, 130, 54, 131, 132, 133, 62]"
"Chemotherapy has side effects, so it should always be refused!!!",0,"['chemotherapy', 'side', 'effects', 'always', 'refused']","[47, 12, 13, 48, 49]"
The best #COVID19 vaccine is any one that’s available to you. Don’t wait for a specific brand. All three currently authorized and recommended COVID-19 vaccines are safe and effective. Learn more and get vaccinated as soon as you can: https://bit.ly/3nPvZmq.,0,"['best', 'vaccine', 'one', 'thats', 'available', 'dont', 'wait', 'specific', 'brand', 'three', 'currently', 'authorized', 'recommended', 'covid', 'vaccines', 'safe', 'effective', 'learn', 'get', 'vaccinated', 'soon']","[98, 35, 214, 1, 503, 382, 1, 1, 1, 629, 740, 741, 292, 59, 22, 395, 433, 66, 34, 142, 159]"
A vitamin drink works better than vaccines for general wellness!!! Many people are talking about this!!!,1,"['vitamin', 'drink', 'works', 'better', 'vaccines', 'general', 'wellness', 'many', 'people', 'talking']","[19, 5, 20, 21, 22, 23, 24, 293, 140, 294]"
Pregnant people should avoid all vaccines and checkups. Please verify with doctor. This may not apply to everyone.,1,"['pregnant', 'people', 'avoid', 'vaccines', 'checkups', 'please', 'verify', 'doctor', 'may', 'apply', 'everyone']","[265, 140, 266, 22, 267, 57, 58, 16, 77, 85, 86]"
"Insulin may cause low blood sugar, so patients should avoid it. Please verify with doctor.",0,"['insulin', 'may', 'cause', 'low', 'blood', 'sugar', 'patients', 'avoid', 'please', 'verify', 'doctor']","[367, 77, 88, 386, 52, 89, 181, 266, 57, 58, 16]"
"After a difficult year, get peace of mind. Get vaccinated as soon as you can, & return to the things you love with people you love.  #COVID19 vaccines are safe and effective in people ages 12 and older.",0,"['difficult', 'year', 'get', 'peace', 'mind', 'get', 'vaccinated', 'soon', 'return', 'things', 'love', 'people', 'love', 'vaccines', 'safe', 'effective', 'people', 'ages', 'older']","[742, 492, 34, 1, 1, 34, 142, 159, 341, 228, 689, 140, 689, 22, 395, 433, 140, 517, 174]"
Do not take a baby with high fever to a doctor; use home oil massage.,1,"['take', 'baby', 'high', 'fever', 'doctor', 'use', 'home', 'oil', 'massage']","[15, 195, 109, 110, 16, 183, 196, 197, 198]"
"In Germany, no aid other than 2 free masks was given to the low-income and retirees. Workers are getting half wages. Pensioners are collecting bottles from the garbage.",1,"['germany', 'aid', 'free', 'masks', 'given', 'lowincome', 'retirees', 'workers', 'getting', 'half', 'wages', 'pensioners', 'collecting', 'bottles', 'garbage']","[290, 1, 261, 664, 727, 409, 1, 254, 141, 743, 1, 1, 744, 1, 1]"
Vaccination can reduce the risk of severe COVID-19 outcomes.,0,"['vaccination', 'reduce', 'risk', 'severe', 'covid', 'outcomes']","[122, 326, 471, 76, 59, 279]"
"Doctor said online: Vaccines can cause mild fever, so they are unsafe for everyone. Please verify with dr.",0,"['doctor', 'said', 'online', 'vaccines', 'cause', 'mild', 'fever', 'unsafe', 'everyone', 'please', 'verify', 'dr']","[16, 17, 18, 22, 88, 345, 110, 291, 86, 57, 58, 231]"
Vaccines permanently damage fertility and should be avoided. Please verify with doctor.,1,"['vaccines', 'permanently', 'damage', 'fertility', 'avoided', 'please', 'verify', 'doctor']","[22, 191, 192, 193, 93, 57, 58, 16]"
New @CDCMMWR shows Pacific Islander persons—just 5% of Hawaii’s population—had state’s highest rates of #COVID19 cases & related deaths during Mar 2020-Feb 2021. This highlights the value of collecting race info to identify & address health disparities. https://bit.ly/mm7037a1,0,"['new', 'cdcmmwr', 'shows', 'pacific', 'islander', 'personsjust', 'hawaiis', 'populationhad', 'states', 'highest', 'rates', 'cases', 'related', 'deaths', 'mar', 'feb', 'highlights', 'value', 'collecting', 'race', 'info', 'identify', 'address', 'health', 'disparities']","[134, 165, 455, 1, 1, 1, 1, 1, 124, 745, 172, 149, 522, 307, 1, 1, 746, 1, 744, 1, 1, 644, 1, 62, 1]"
Severe chest pain may require urgent medical attention.,0,"['severe', 'chest', 'pain', 'may', 'require', 'urgent', 'medical', 'attention']","[76, 3, 4, 77, 78, 79, 80, 81]"
"Breaking health advice: Insulin may cause low blood sugar, so patients shud avoid it. Share this with family.",0,"['breaking', 'health', 'advice', 'insulin', 'may', 'cause', 'low', 'blood', 'sugar', 'patients', 'shud', 'avoid', 'share', 'family']","[115, 62, 221, 367, 77, 88, 386, 52, 89, 181, 273, 266, 94, 95]"
"As of May 31, national forecasts predict 25,000–162,000 new #COVID19 cases will likely be reported during the week ending June 26. More: http://bit.ly/CDC_CForecast.",0,"['may', 'national', 'forecasts', 'predict', 'new', 'cases', 'likely', 'reported', 'week', 'ending', 'june']","[77, 304, 305, 306, 134, 149, 200, 169, 308, 212, 303]"
Prenatal care helps monitor maternal and fetal health!!!,0,"['prenatal', 'care', 'helps', 'monitor', 'maternal', 'fetal', 'health']","[129, 130, 54, 131, 132, 133, 62]"
"In a new @CDCMMWR , CDC recommends factors communities and organizations consider when deciding how to best prevent #COVID19. Factors include level of community spread, vaccination rates, & populations at risk of illness or death. More: https://bit.ly/MMWR72721.",0,"['new', 'cdcmmwr', 'cdc', 'recommends', 'factors', 'communities', 'organizations', 'consider', 'deciding', 'best', 'prevent', 'factors', 'include', 'level', 'community', 'spread', 'vaccination', 'rates', 'populations', 'risk', 'illness', 'death']","[134, 165, 27, 702, 485, 565, 429, 1, 1, 98, 394, 485, 505, 701, 511, 158, 122, 172, 381, 471, 241, 347]"
Cinnamon alone can control blood sugar in all diabetes patients. Context is unclear.,1,"['cinnamon', 'alone', 'control', 'blood', 'sugar', 'diabetes', 'patients', 'context', 'unclear']","[178, 179, 180, 52, 89, 55, 181, 25, 26]"
The Pfizer COVID-19 vaccine “is not approved.”,1,"['pfizer', 'covid', 'vaccine', 'approved']","[637, 59, 35, 561]"
Positive thinking alone cures clinical depression. Please verify with doctor. Ask a clinician before acting.,1,"['positive', 'thinking', 'alone', 'cures', 'clinical', 'depression', 'please', 'verify', 'doctor', 'ask', 'clinician', 'acting']","[168, 232, 179, 72, 194, 101, 57, 58, 16, 268, 46, 269]"
Skipping dinner is the best treatment for obesity in everyone.,1,"['skipping', 'dinner', 'best', 'treatment', 'obesity', 'everyone']","[96, 97, 98, 99, 100, 86]"
"The virus that causes #COVID19 is constantly changing through mutation, leading to new variants. There are multiple variants found around the world and in the U.S. COVID-19 vaccines can help us fight these variants by stopping the spread of COVID-19. More: http://bit.ly/CDTweeklyreview",0,"['virus', 'causes', 'constantly', 'changing', 'mutation', 'leading', 'new', 'variants', 'multiple', 'variants', 'found', 'around', 'world', 'us', 'covid', 'vaccines', 'help', 'us', 'fight', 'variants', 'stopping', 'spread', 'covid']","[281, 108, 1, 29, 1, 1, 134, 157, 483, 157, 724, 32, 462, 117, 59, 22, 64, 117, 356, 157, 103, 158, 59]"
Detox water removes all toxins from the body overnight.,1,"['detox', 'water', 'removes', 'toxins', 'body', 'overnight']","[295, 7, 296, 297, 298, 299]"
Says Canadian Prime Minister Justin Trudeau and wife Sophie faked their COVID-19 vaccinations on live television.,1,"['says', 'canadian', 'prime', 'minister', 'justin', 'trudeau', 'wife', 'sophie', 'faked', 'covid', 'vaccinations', 'live', 'television']","[145, 1, 1, 747, 1, 1, 636, 1, 1, 59, 285, 571, 1]"
"Most people get both #COVID19 vaccine doses from the same location, but you don’t have to. You can get your second shot in a different facility or state. Bring your vaccination card to your second appointment so you get the correct shot. More: https://bit.ly/3gqwYIO ",0,"['people', 'get', 'vaccine', 'doses', 'location', 'dont', 'get', 'second', 'shot', 'different', 'facility', 'state', 'bring', 'vaccination', 'card', 'second', 'appointment', 'get', 'correct', 'shot']","[140, 34, 35, 243, 748, 382, 34, 481, 263, 323, 1, 248, 213, 122, 1, 481, 749, 34, 1, 263]"
Detox water removes all toxins from the body overnight. Context is unclear.,1,"['detox', 'water', 'removes', 'toxins', 'body', 'overnight', 'context', 'unclear']","[295, 7, 296, 297, 298, 299, 25, 26]"
Antibiotics cure all viral infections. #health #viral,1,"['antibiotics', 'cure', 'viral', 'infections']","[42, 247, 220, 150]"
Stop insulin and use bitter melon juice instead!!!,1,"['stop', 'insulin', 'use', 'bitter', 'melon', 'juice', 'instead']","[8, 367, 183, 368, 369, 370, 371]"
A viral post says: Do not take a baby with high fever to a doctor; use home oil massage.,1,"['viral', 'post', 'says', 'take', 'baby', 'high', 'fever', 'doctor', 'use', 'home', 'oil', 'massage']","[220, 344, 145, 15, 195, 109, 110, 16, 183, 196, 197, 198]"
Covid-19 vaccines cause two deaths for every three they prevent,1,"['covid', 'vaccines', 'cause', 'two', 'deaths', 'every', 'three', 'prevent']","[59, 22, 88, 478, 307, 127, 629, 394]"
Doctor said online: Pregnant people should avoid all vaccines and checkups. #health #viral Context is unclear.,1,"['doctor', 'said', 'online', 'pregnant', 'people', 'avoid', 'vaccines', 'checkups', 'context', 'unclear']","[16, 17, 18, 265, 140, 266, 22, 267, 25, 26]"
"Exercise improves heart health, so medication is never needed. Please verify with doctor. #health #viral",0,"['exercise', 'improves', 'heart', 'health', 'medication', 'never', 'needed', 'please', 'verify', 'doctor']","[623, 624, 9, 62, 105, 222, 106, 57, 58, 16]"
College and Grad Students: Get fully vaccinated against #COVID19 before returning to campus. Do your part to help slow the spread on campus & in your community. More: https://bit.ly/365ZZ62,0,"['college', 'grad', 'students', 'get', 'fully', 'vaccinated', 'returning', 'campus', 'part', 'help', 'slow', 'spread', 'campus', 'community']","[611, 1, 488, 34, 227, 142, 217, 614, 63, 64, 645, 158, 614, 511]"
A viral post says: Vaccines help the immune system recognize infections.,0,"['viral', 'post', 'says', 'vaccines', 'help', 'immune', 'system', 'recognize', 'infections']","[220, 344, 145, 22, 64, 182, 352, 353, 150]"
"New @CDCMMWR finds unequal access to full-time, in-person school during the #COVID19 pandemic. Increasing vaccination rates among teachers, staff, and eligible students can help get all students back to in-person school in the fall. More: http://bit.ly/MMWR62921",0,"['new', 'cdcmmwr', 'finds', 'unequal', 'access', 'fulltime', 'inperson', 'school', 'pandemic', 'increasing', 'vaccination', 'rates', 'among', 'teachers', 'staff', 'eligible', 'students', 'help', 'get', 'students', 'back', 'inperson', 'school', 'fall']","[134, 165, 166, 1, 558, 1, 750, 491, 65, 431, 122, 172, 151, 486, 487, 751, 488, 64, 34, 488, 608, 750, 491, 752]"
New @CDCMMWR finds people with severe HIV in sub-Saharan Africa were more likely to have severe illness or die from COVID-19. Ensuring treatment for people living w/ HIV can help limit COVID-19-related illness & death. More: http://bit.ly/7022a2.,0,"['new', 'cdcmmwr', 'finds', 'people', 'severe', 'hiv', 'subsaharan', 'africa', 'likely', 'severe', 'illness', 'die', 'covid', 'ensuring', 'treatment', 'people', 'living', 'w', 'hiv', 'help', 'limit', 'covidrelated', 'illness', 'death']","[134, 165, 166, 140, 76, 753, 1, 1, 200, 76, 241, 554, 59, 754, 99, 140, 1, 175, 753, 64, 1, 1, 241, 347]"
Doctor said online: Early cancer screening can improve treatment outcomes.,0,"['doctor', 'said', 'online', 'early', 'cancer', 'screening', 'improve', 'treatment', 'outcomes']","[16, 17, 18, 276, 73, 277, 278, 99, 279]"
Severe chest pain may require urgent medical attention.,0,"['severe', 'chest', 'pain', 'may', 'require', 'urgent', 'medical', 'attention']","[76, 3, 4, 77, 78, 79, 80, 81]"
Government is giving Unemployment Allowance during covid,1,"['government', 'giving', 'unemployment', 'allowance', 'covid']","[1, 1, 1, 1, 59]"
Doctor said online: Vaccination can reduce the risk of severe COVID-19 outcomes!!!,0,"['doctor', 'said', 'online', 'vaccination', 'reduce', 'risk', 'severe', 'covid', 'outcomes']","[16, 17, 18, 122, 326, 471, 76, 59, 279]"
Vaccines permanently damage fertility and shud be avoided. Share this with family. #health #viral,1,"['vaccines', 'permanently', 'damage', 'fertility', 'shud', 'avoided', 'share', 'family']","[22, 191, 192, 193, 273, 93, 94, 95]"
"Antidepressants can have side effects, so nobody should take them.",0,"['antidepressants', 'side', 'effects', 'nobody', 'take']","[11, 12, 13, 14, 15]"
Vaccination can reduce the risk of severe COVID-19 outcomes.,0,"['vaccination', 'reduce', 'risk', 'severe', 'covid', 'outcomes']","[122, 326, 471, 76, 59, 279]"
Early cancer screening can improve treatment outcomes!!! Please verify with doctor!!! Source not verified!!! Context is unclear.,0,"['early', 'cancer', 'screening', 'improve', 'treatment', 'outcomes', 'please', 'verify', 'doctor', 'source', 'verified', 'context', 'unclear']","[276, 73, 277, 278, 99, 279, 57, 58, 16, 257, 258, 25, 26]"
Doctor said online: Ultrasound always harms the baby.,1,"['doctor', 'said', 'online', 'ultrasound', 'always', 'harms', 'baby']","[16, 17, 18, 319, 48, 320, 195]"
Coronavirus vaccine manufacturers stopped testing shots on animals because they all died,1,"['coronavirus', 'vaccine', 'manufacturers', 'stopped', 'testing', 'shots', 'animals', 'died']","[377, 35, 1, 70, 314, 437, 716, 428]"
Pregnant people should avoid all vaccines and checkups. Please verify with doctor. Context is unclear.,1,"['pregnant', 'people', 'avoid', 'vaccines', 'checkups', 'please', 'verify', 'doctor', 'context', 'unclear']","[265, 140, 266, 22, 267, 57, 58, 16, 25, 26]"
Cinnamon alone can control blood sugar in all diabetes patients. Please verify with doctor.,1,"['cinnamon', 'alone', 'control', 'blood', 'sugar', 'diabetes', 'patients', 'please', 'verify', 'doctor']","[178, 179, 180, 52, 89, 55, 181, 57, 58, 16]"
Suicidal thoughts require immediate support and professional help.,0,"['suicidal', 'thoughts', 'require', 'immediate', 'support', 'professional', 'help']","[160, 161, 78, 162, 163, 164, 64]"
Regular monitoring of blood glucose helps diabetes management. Source not verified.,0,"['regular', 'monitoring', 'blood', 'glucose', 'helps', 'diabetes', 'management', 'source', 'verified']","[50, 51, 52, 53, 54, 55, 56, 257, 258]"
Depression can be cured by stopping all psychiatric medication.,1,"['depression', 'cured', 'stopping', 'psychiatric', 'medication']","[101, 102, 103, 104, 105]"
Use leftover antibiotics whenever you feel feverish. Context is unclear.,1,"['use', 'leftover', 'antibiotics', 'whenever', 'feel', 'feverish', 'context', 'unclear']","[183, 184, 42, 185, 186, 187, 25, 26]"
Early cancer screening can improve treatment outcomes. Please verify with doctor. #health #viral Context is unclear.,0,"['early', 'cancer', 'screening', 'improve', 'treatment', 'outcomes', 'please', 'verify', 'doctor', 'context', 'unclear']","[276, 73, 277, 278, 99, 279, 57, 58, 16, 25, 26]"
"Someone claimed: Chemotherapy has side effects, so it should always be refused. #health #viral",0,"['someone', 'claimed', 'chemotherapy', 'side', 'effects', 'always', 'refused']","[229, 230, 47, 12, 13, 48, 49]"
A viral post says: Positive thinking alone cures clinical depression. #health #viral,1,"['viral', 'post', 'says', 'positive', 'thinking', 'alone', 'cures', 'clinical', 'depression']","[220, 344, 145, 168, 232, 179, 72, 194, 101]"
So the unvaxxed have to wear mask (sic) to protect the vaxxinated,1,"['unvaxxed', 'wear', 'mask', 'sic', 'protect', 'vaxxinated']","[1, 447, 388, 1, 199, 1]"
Lemon water prevents all cancer if taken every morning. Please verify with doctor.,1,"['lemon', 'water', 'prevents', 'cancer', 'taken', 'every', 'morning', 'please', 'verify', 'doctor']","[372, 7, 126, 73, 373, 127, 374, 57, 58, 16]"
Hot water may kill coronavirus inside the throat.,1,"['hot', 'water', 'may', 'kill', 'coronavirus', 'inside', 'throat']","[375, 7, 77, 376, 377, 378, 379]"
Skipping dinner is the best treatmnt for obesity in everyone.,1,"['skipping', 'dinner', 'best', 'treatmnt', 'obesity', 'everyone']","[96, 97, 98, 755, 100, 86]"
Hot water may kill coronavirus inside the throat.,1,"['hot', 'water', 'may', 'kill', 'coronavirus', 'inside', 'throat']","[375, 7, 77, 376, 377, 378, 379]"
"Chemotherapy has side effects, so it should always be refused. Please verify with doctor.",0,"['chemotherapy', 'side', 'effects', 'always', 'refused', 'please', 'verify', 'doctor']","[47, 12, 13, 48, 49, 57, 58, 16]"
"Most young people recover from COVID, so prevention is unnecessary. Please verify with doctor. Share this with family. Context is unclear.",0,"['young', 'people', 'recover', 'covid', 'prevention', 'unnecessary', 'please', 'verify', 'doctor', 'share', 'family', 'context', 'unclear']","[207, 140, 208, 59, 209, 210, 57, 58, 16, 94, 95, 25, 26]"
Vaccination can reduce the risk of severe COVID-19 outcomes.,0,"['vaccination', 'reduce', 'risk', 'severe', 'covid', 'outcomes']","[122, 326, 471, 76, 59, 279]"
"Antibiotics can cause side effects, so patients should never use them. This is based on personal experience.",0,"['antibiotics', 'cause', 'side', 'effects', 'patients', 'never', 'use', 'based', 'personal', 'experience']","[42, 88, 12, 13, 181, 222, 183, 466, 467, 468]"
Severe chest pain may require urgent medical attention!!! Share this with family!!! #health #viral,0,"['severe', 'chest', 'pain', 'may', 'require', 'urgent', 'medical', 'attention', 'share', 'family']","[76, 3, 4, 77, 78, 79, 80, 81, 94, 95]"
Hot water may kill coronavirus inside the throat.,1,"['hot', 'water', 'may', 'kill', 'coronavirus', 'inside', 'throat']","[375, 7, 77, 376, 377, 378, 379]"
Get a #COVID19 vaccine as soon as you can. It’s a way to show love to your neighbors and community and bring us all one step closer to returning to our way of life. More: https://bit.ly/38pX9dL ,0,"['get', 'vaccine', 'soon', 'way', 'show', 'love', 'neighbors', 'community', 'bring', 'us', 'one', 'step', 'closer', 'returning', 'way', 'life']","[34, 35, 159, 30, 236, 689, 1, 511, 213, 117, 214, 215, 216, 217, 30, 61]"
Bill Gates and George Soros will use COVID-19 tests to secretly vaccinate people who haven’t yet received the shots.,1,"['bill', 'gates', 'george', 'soros', 'use', 'covid', 'tests', 'secretly', 'vaccinate', 'people', 'havent', 'yet', 'received', 'shots']","[549, 550, 1, 1, 183, 59, 607, 1, 570, 140, 1, 270, 225, 437]"
“Some of you are being injected with saline because it would look too suspicious if everybody died at the same time.”,1,"['injected', 'saline', 'would', 'look', 'suspicious', 'everybody', 'died', 'time']","[423, 424, 309, 425, 426, 427, 428, 33]"
Someone claimed: Antibiotics should be used as prescribed by a qualified clinician. This is based on personal experience.,0,"['someone', 'claimed', 'antibiotics', 'used', 'prescribed', 'qualified', 'clinician', 'based', 'personal', 'experience']","[229, 230, 42, 43, 44, 45, 46, 466, 467, 468]"
Antibiotics should be used as prescribed by a qualified clinician. #health #viral,0,"['antibiotics', 'used', 'prescribed', 'qualified', 'clinician']","[42, 43, 44, 45, 46]"
Five JetBlue pilots died from the COVID-19 vaccine.,1,"['five', 'jetblue', 'pilots', 'died', 'covid', 'vaccine']","[630, 1, 476, 428, 59, 35]"
Prenatal care helps monitor maternal and fetal health. Context is unclear.,0,"['prenatal', 'care', 'helps', 'monitor', 'maternal', 'fetal', 'health', 'context', 'unclear']","[129, 130, 54, 131, 132, 133, 62, 25, 26]"
Pregnant people should avoid all vaccines and checkups. Share this with family.,1,"['pregnant', 'people', 'avoid', 'vaccines', 'checkups', 'share', 'family']","[265, 140, 266, 22, 267, 94, 95]"
"Exercise improves heart health, so medication is never needed. This is based on personal experience. #health #viral",0,"['exercise', 'improves', 'heart', 'health', 'medication', 'never', 'needed', 'based', 'personal', 'experience']","[623, 624, 9, 62, 105, 222, 106, 466, 467, 468]"
The Covid-19 vaccines offer very little protection against the disease.,1,"['covid', 'vaccines', 'offer', 'little', 'protection', 'disease']","[59, 22, 479, 666, 438, 587]"
Do not take a baby with high fever to a doctor; use home oil massage.,1,"['take', 'baby', 'high', 'fever', 'doctor', 'use', 'home', 'oil', 'massage']","[15, 195, 109, 110, 16, 183, 196, 197, 198]"
Doctor said online: Pregnant people shud avoid all vaccines and checkups. #health #viral,1,"['doctor', 'said', 'online', 'pregnant', 'people', 'shud', 'avoid', 'vaccines', 'checkups']","[16, 17, 18, 265, 140, 273, 266, 22, 267]"
Skipping dinner is the best treatmnt for obesity in everyone. Please verify with doctor. Context is unclear.,1,"['skipping', 'dinner', 'best', 'treatmnt', 'obesity', 'everyone', 'please', 'verify', 'doctor', 'context', 'unclear']","[96, 97, 98, 755, 100, 86, 57, 58, 16, 25, 26]"
Airlines from Spain and Russia have recommended to those vaccinated against COVID-19 not to travel due to the risk of suffering from blood clots on flights.,1,"['airlines', 'spain', 'russia', 'recommended', 'vaccinated', 'covid', 'travel', 'due', 'risk', 'suffering', 'blood', 'clots', 'flights']","[1, 580, 1, 292, 142, 59, 756, 625, 471, 1, 52, 1, 1]"
Antibiotics should be used as prescribed by a qualified clinician.,0,"['antibiotics', 'used', 'prescribed', 'qualified', 'clinician']","[42, 43, 44, 45, 46]"
High fever in infants should be evaluated by a healthcare professional.,0,"['high', 'fever', 'infants', 'evaluated', 'healthcare', 'professional']","[109, 110, 594, 595, 37, 164]"
Vaccines permanently damage fertility and should be avoided.,1,"['vaccines', 'permanently', 'damage', 'fertility', 'avoided']","[22, 191, 192, 193, 93]"
Suicidal thoughts require immediate support and professional help. #health #viral Context is unclear.,0,"['suicidal', 'thoughts', 'require', 'immediate', 'support', 'professional', 'help', 'context', 'unclear']","[160, 161, 78, 162, 163, 164, 64, 25, 26]"
"A new @CDCMMWR study highlights how, for South Sudan and possibly other countries, #COVID19 surveillance data can be better understood in the context of how a country’s funding, policy, and strategy for COVID-19 have changed over time. Learn more: http://bit.ly/mm7022a3.",0,"['new', 'cdcmmwr', 'study', 'highlights', 'south', 'sudan', 'possibly', 'countries', 'surveillance', 'data', 'better', 'understood', 'context', 'countrys', 'funding', 'policy', 'strategy', 'covid', 'changed', 'time', 'learn']","[134, 165, 321, 746, 589, 1, 1, 407, 325, 324, 21, 1, 25, 1, 757, 148, 1, 59, 60, 33, 66]"
"Most childhood fevers are viral, so medical advice is never needed. #health #viral",0,"['childhood', 'fevers', 'viral', 'medical', 'advice', 'never', 'needed']","[218, 219, 220, 80, 221, 222, 106]"
Doctor said online: Do not take a baby with high fever to a doctor; use home oil massage.,1,"['doctor', 'said', 'online', 'take', 'baby', 'high', 'fever', 'doctor', 'use', 'home', 'oil', 'massage']","[16, 17, 18, 15, 195, 109, 110, 16, 183, 196, 197, 198]"
Hot water may kill coronavirus inside the throat.,1,"['hot', 'water', 'may', 'kill', 'coronavirus', 'inside', 'throat']","[375, 7, 77, 376, 377, 378, 379]"
Depression can be cured by stopping all psychiatric medication. Context is unclear.,1,"['depression', 'cured', 'stopping', 'psychiatric', 'medication', 'context', 'unclear']","[101, 102, 103, 104, 105, 25, 26]"
"# COVID19 vaccines are a safer way to build protection. As of February 22, more than 44 million people had received their first dose of COVID – 19 vaccine. Of those, over 19 million people had received both doses & are fully vaccinated.  ",0,"['covid', 'vaccines', 'safer', 'way', 'build', 'protection', 'february', 'million', 'people', 'received', 'first', 'dose', 'covid', 'vaccine', 'million', 'people', 'received', 'doses', 'fully', 'vaccinated']","[59, 22, 1, 30, 613, 438, 1, 224, 140, 225, 443, 226, 59, 35, 224, 140, 225, 243, 227, 142]"
Those who are vaccinated need to use blood thinners,1,"['vaccinated', 'need', 'use', 'blood', 'thinners']","[142, 288, 183, 52, 588]"
"Exercise improves heart health, so medication is never needed!!!",0,"['exercise', 'improves', 'heart', 'health', 'medication', 'never', 'needed']","[623, 624, 9, 62, 105, 222, 106]"
"A new @CDCMMWR finds that by May 22, 2021, 57% of people 18 and older had received 1 or more #COVID19 vaccine doses. Vaccination coverage was highest among those 65 and older (80%) and lowest among those 18–29 (38%). Learn more: http://bit.ly/MMWR61821.",0,"['new', 'cdcmmwr', 'finds', 'may', 'people', 'older', 'received', 'vaccine', 'doses', 'vaccination', 'coverage', 'highest', 'among', 'older', 'lowest', 'among', 'learn']","[134, 165, 166, 77, 140, 174, 225, 35, 243, 122, 758, 745, 151, 174, 1, 151, 66]"
New study in #PublicHealthReports finds Black and Hispanic/Latino veterans may be at increased risk of receiving a positive #COVID19 test when compared with the general U.S. population. Learn more: https://bit.ly/3vU2Gmo.,0,"['new', 'study', 'finds', 'black', 'hispaniclatino', 'veterans', 'may', 'increased', 'risk', 'receiving', 'positive', 'test', 'compared', 'general', 'us', 'population', 'learn']","[134, 321, 166, 177, 1, 512, 77, 500, 471, 665, 168, 87, 632, 23, 117, 366, 66]"
Ultrasound always harms the baby.,1,"['ultrasound', 'always', 'harms', 'baby']","[319, 48, 320, 195]"
"Pablo Casado, leader of the opposition in Spain, has been vaccinated with the needle cap in place",1,"['pablo', 'casado', 'leader', 'opposition', 'spain', 'vaccinated', 'needle', 'cap', 'place']","[576, 577, 578, 579, 580, 142, 581, 582, 583]"
"In a forum, a user wrote: Exercise improves heart health, so medication is never needed. Please verify with doctor.",0,"['forum', 'user', 'wrote', 'exercise', 'improves', 'heart', 'health', 'medication', 'never', 'needed', 'please', 'verify', 'doctor']","[82, 83, 84, 623, 624, 9, 62, 105, 222, 106, 57, 58, 16]"
"Vaccines can cause mild fever, so they are unsafe for everyone.",0,"['vaccines', 'cause', 'mild', 'fever', 'unsafe', 'everyone']","[22, 88, 345, 110, 291, 86]"
“Ivermectin sterilizes the majority (85%) of the men who take it.”,1,"['ivermectin', 'sterilizes', 'majority', 'men', 'take']","[690, 1, 617, 1, 15]"
President Joe Biden Announces Americans Not Vaccinated Before 2022 Will Be Put In Camps.,1,"['president', 'joe', 'biden', 'announces', 'americans', 'vaccinated', 'put', 'camps']","[477, 328, 329, 670, 671, 142, 384, 672]"
Ultrasound always harms the baby. Please verify with doctor. Context is unclear.,1,"['ultrasound', 'always', 'harms', 'baby', 'please', 'verify', 'doctor', 'context', 'unclear']","[319, 48, 320, 195, 57, 58, 16, 25, 26]"
An article has been shared on social media that says the US CDC has warned of a polio-like illness and is being linked to side-effects of coronavirus vaccine.,1,"['article', 'shared', 'social', 'media', 'says', 'us', 'cdc', 'warned', 'poliolike', 'illness', 'linked', 'sideeffects', 'coronavirus', 'vaccine']","[759, 1, 362, 694, 145, 117, 27, 1, 1, 241, 760, 1, 377, 35]"
"#COVID19 cases have generally increased throughout most of the country since the beginning of summer. Recently, the U.S. surpassed 40 million total cases. Some people experience post-COVID conditions that can last weeks, even months. Learn more: http://bit.ly/CDTweeklyreview ",0,"['cases', 'generally', 'increased', 'throughout', 'country', 'since', 'beginning', 'summer', 'recently', 'us', 'surpassed', 'million', 'total', 'cases', 'people', 'experience', 'postcovid', 'conditions', 'last', 'weeks', 'even', 'months', 'learn']","[149, 1, 500, 1, 722, 419, 1, 391, 473, 117, 1, 224, 311, 149, 140, 468, 761, 176, 762, 414, 493, 171, 66]"
"In a forum, a user wrote: A vitamin drink works better than vaccines for general wellness. #health #viral",1,"['forum', 'user', 'wrote', 'vitamin', 'drink', 'works', 'better', 'vaccines', 'general', 'wellness']","[82, 83, 84, 19, 5, 20, 21, 22, 23, 24]"
"Insulin may cause low blood sugar, so patients should avoid it. Please verify with doctor. Context is unclear.",0,"['insulin', 'may', 'cause', 'low', 'blood', 'sugar', 'patients', 'avoid', 'please', 'verify', 'doctor', 'context', 'unclear']","[367, 77, 88, 386, 52, 89, 181, 266, 57, 58, 16, 25, 26]"
"Antidepressants can have side effects, so nobody should take them. Please verify with doctor.",0,"['antidepressants', 'side', 'effects', 'nobody', 'take', 'please', 'verify', 'doctor']","[11, 12, 13, 14, 15, 57, 58, 16]"
"Vaccinated people will die within two years, according to Nobel laureate and French virologist Luc Montagnier.",1,"['vaccinated', 'people', 'die', 'within', 'two', 'years', 'according', 'nobel', 'laureate', 'french', 'virologist', 'luc', 'montagnier']","[142, 140, 554, 663, 478, 542, 681, 1, 1, 1, 1, 1, 1]"
"A viral post says: Sugar contributes calories, so fruit shud be completly avoided. Many people are talking about this.",0,"['viral', 'post', 'says', 'sugar', 'contributes', 'calories', 'fruit', 'shud', 'completly', 'avoided', 'many', 'people', 'talking']","[220, 344, 145, 89, 90, 91, 92, 273, 256, 93, 293, 140, 294]"
Breaking health advice: Vaccines permanently damage fertility and should be avoided!!!,1,"['breaking', 'health', 'advice', 'vaccines', 'permanently', 'damage', 'fertility', 'avoided']","[115, 62, 221, 22, 191, 192, 193, 93]"
"Agriculture workers continue to be at high risk for #COVID19 due to various factors, including access to transportation, health care, and language barriers. Learn more about health equity strategies to support agriculture workers and others: https://bit.ly/3uHcmQk ",0,"['agriculture', 'workers', 'continue', 'high', 'risk', 'due', 'various', 'factors', 'including', 'access', 'transportation', 'health', 'care', 'language', 'barriers', 'learn', 'health', 'equity', 'strategies', 'support', 'agriculture', 'workers', 'others']","[763, 254, 446, 109, 471, 625, 1, 485, 559, 558, 1, 62, 130, 1, 556, 66, 62, 557, 728, 163, 763, 254, 450]"
Vaccination can reduce the risk of severe COVID-19 outcomes. #health #viral,0,"['vaccination', 'reduce', 'risk', 'severe', 'covid', 'outcomes']","[122, 326, 471, 76, 59, 279]"
"Doctor said online: Vaccines can cause mild fever, so they are unsafe for everyone.",0,"['doctor', 'said', 'online', 'vaccines', 'cause', 'mild', 'fever', 'unsafe', 'everyone']","[16, 17, 18, 22, 88, 345, 110, 291, 86]"
Pregnant people shud avoid all vaccines and checkups. This is based on personal experience.,1,"['pregnant', 'people', 'shud', 'avoid', 'vaccines', 'checkups', 'based', 'personal', 'experience']","[265, 140, 273, 266, 22, 267, 466, 467, 468]"
ICMR study reveals that COVID-19 vaccine is effective in preventing deaths among front line workers. Research article can be access at  IJMR portal https://ijmr.org.in/temp/IndianJMeRes000-4858253_132942.pdf,0,"['icmr', 'study', 'reveals', 'covid', 'vaccine', 'effective', 'preventing', 'deaths', 'among', 'front', 'line', 'workers', 'research', 'article', 'access', 'ijmr', 'portal']","[609, 321, 764, 59, 35, 433, 765, 307, 151, 1, 1, 254, 564, 759, 558, 1, 1]"
Skipping dinner is the best treatment for obesity in everyone. #health #viral,1,"['skipping', 'dinner', 'best', 'treatment', 'obesity', 'everyone']","[96, 97, 98, 99, 100, 86]"
Do not take a baby with high fever to a doctor; use home oil massage!!! Please verify with doctor!!!,1,"['take', 'baby', 'high', 'fever', 'doctor', 'use', 'home', 'oil', 'massage', 'please', 'verify', 'doctor']","[15, 195, 109, 110, 16, 183, 196, 197, 198, 57, 58, 16]"
Use leftover antibiotics whenever you feel feverish. Please verify with doctor.,1,"['use', 'leftover', 'antibiotics', 'whenever', 'feel', 'feverish', 'please', 'verify', 'doctor']","[183, 184, 42, 185, 186, 187, 57, 58, 16]"
Someone claimed: Use leftover antibiotics whenever you feel feverish. Ask a clinician before acting.,1,"['someone', 'claimed', 'use', 'leftover', 'antibiotics', 'whenever', 'feel', 'feverish', 'ask', 'clinician', 'acting']","[229, 230, 183, 184, 42, 185, 186, 187, 268, 46, 269]"
Prenatal care helps monitor maternal and fetal health. Context is unclear.,0,"['prenatal', 'care', 'helps', 'monitor', 'maternal', 'fetal', 'health', 'context', 'unclear']","[129, 130, 54, 131, 132, 133, 62, 25, 26]"
Hot water may kill coronavirus inside the throat.,1,"['hot', 'water', 'may', 'kill', 'coronavirus', 'inside', 'throat']","[375, 7, 77, 376, 377, 378, 379]"
"Sugar contributes calories, so fruit should be completely avoided. Context is unclear.",0,"['sugar', 'contributes', 'calories', 'fruit', 'completely', 'avoided', 'context', 'unclear']","[89, 90, 91, 92, 74, 93, 25, 26]"
Antibiotics shud be used as prescribed by a qualified clinician. Source not verified.,0,"['antibiotics', 'shud', 'used', 'prescribed', 'qualified', 'clinician', 'source', 'verified']","[42, 273, 43, 44, 45, 46, 257, 258]"
"CDC is tracking a new variant of the virus that causes #COVID19 called Delta, or B.1.617.2. There is evidence that this variant spreads easily from person to person. Get vaccinated as soon as you can to stop the spread of COVID-19. Learn more: https://bit.ly/2SESM9X ",0,"['cdc', 'tracking', 'new', 'variant', 'virus', 'causes', 'called', 'delta', 'b', 'evidence', 'variant', 'spreads', 'easily', 'person', 'person', 'get', 'vaccinated', 'soon', 'stop', 'spread', 'covid', 'learn']","[27, 147, 134, 153, 281, 108, 1, 152, 766, 767, 153, 154, 155, 211, 211, 34, 142, 159, 8, 158, 59, 66]"
"Vaccines alter the human genome, make people “humanoids” and deprive them of their human rights",1,"['vaccines', 'alter', 'human', 'genome', 'make', 'people', 'humanoids', 'deprive', 'human', 'rights']","[22, 768, 361, 417, 732, 140, 1, 1, 361, 418]"
"Doctor said online: Exercise improves heart health, so medication is never needed. Please verify with doctor. Context is unclear.",0,"['doctor', 'said', 'online', 'exercise', 'improves', 'heart', 'health', 'medication', 'never', 'needed', 'please', 'verify', 'doctor', 'context', 'unclear']","[16, 17, 18, 623, 624, 9, 62, 105, 222, 106, 57, 58, 16, 25, 26]"
High fever in infants should be evaluated by a healthcare professional.,0,"['high', 'fever', 'infants', 'evaluated', 'healthcare', 'professional']","[109, 110, 594, 595, 37, 164]"
"Antidepressants can have side effects, so nobody should take them. Share this with family.",0,"['antidepressants', 'side', 'effects', 'nobody', 'take', 'share', 'family']","[11, 12, 13, 14, 15, 94, 95]"
Do not take a baby with high fever to a doctor; use home oil massage. This is based on personal experience. Context is unclear.,1,"['take', 'baby', 'high', 'fever', 'doctor', 'use', 'home', 'oil', 'massage', 'based', 'personal', 'experience', 'context', 'unclear']","[15, 195, 109, 110, 16, 183, 196, 197, 198, 466, 467, 468, 25, 26]"
"Insulin may cause low blood sugar, so patients should avoid it.",0,"['insulin', 'may', 'cause', 'low', 'blood', 'sugar', 'patients', 'avoid']","[367, 77, 88, 386, 52, 89, 181, 266]"
The administration of the Sinovac vaccine has been completely suspended.,1,"['administration', 'sinovac', 'vaccine', 'completely', 'suspended']","[1, 1, 35, 74, 1]"
Hot water may kill coronavirus inside the throat. #health #viral,1,"['hot', 'water', 'may', 'kill', 'coronavirus', 'inside', 'throat']","[375, 7, 77, 376, 377, 378, 379]"
Use leftover antibiotics whenever you feel feverish. Context is unclear.,1,"['use', 'leftover', 'antibiotics', 'whenever', 'feel', 'feverish', 'context', 'unclear']","[183, 184, 42, 185, 186, 187, 25, 26]"
Hot water may kill coronavirus inside the throat. Many people are talking about this.,1,"['hot', 'water', 'may', 'kill', 'coronavirus', 'inside', 'throat', 'many', 'people', 'talking']","[375, 7, 77, 376, 377, 378, 379, 293, 140, 294]"
"In a forum, a user wrote: Antibiotics cure all viral infections.",1,"['forum', 'user', 'wrote', 'antibiotics', 'cure', 'viral', 'infections']","[82, 83, 84, 42, 247, 220, 150]"
A new @CDCMMWR from Israel shows preliminary evidence of the effectiveness of vaccination in preventing severe cases of #COVID19. Vaccination among people who are eligible to receive a COVID-19 vaccine can potentially reduce severe disease from COVID-19. http://bit.ly/MMWR22621,0,"['new', 'cdcmmwr', 'israel', 'shows', 'preliminary', 'evidence', 'effectiveness', 'vaccination', 'preventing', 'severe', 'cases', 'vaccination', 'among', 'people', 'eligible', 'receive', 'covid', 'vaccine', 'potentially', 'reduce', 'severe', 'disease', 'covid']","[134, 165, 336, 455, 1, 767, 1, 122, 765, 76, 149, 122, 151, 140, 751, 441, 59, 35, 1, 326, 76, 587, 59]"
Ignore chest pain and drink cold water to stop a heart attack.,1,"['ignore', 'chest', 'pain', 'drink', 'cold', 'water', 'stop', 'heart', 'attack']","[2, 3, 4, 5, 6, 7, 8, 9, 10]"
"As of June 21, national forecasts predict 1,000–3,800 new #COVID19 hospitalizations will likely be reported on July 19. More: http://bit.ly/CDC_HForecast ",0,"['june', 'national', 'forecasts', 'predict', 'new', 'hospitalizations', 'likely', 'reported', 'july']","[303, 304, 305, 306, 134, 586, 200, 169, 223]"
"In a forum, a user wrote: Hot water may kill coronavirus inside the throat. Please verify with doctor. Context is unclear.",1,"['forum', 'user', 'wrote', 'hot', 'water', 'may', 'kill', 'coronavirus', 'inside', 'throat', 'please', 'verify', 'doctor', 'context', 'unclear']","[82, 83, 84, 375, 7, 77, 376, 377, 378, 379, 57, 58, 16, 25, 26]"
"Insulin may cause low blood sugar, so patients shud avoid it.",0,"['insulin', 'may', 'cause', 'low', 'blood', 'sugar', 'patients', 'shud', 'avoid']","[367, 77, 88, 386, 52, 89, 181, 273, 266]"
Detox water removes all toxins from the body overnight. Please verify with doctor.,1,"['detox', 'water', 'removes', 'toxins', 'body', 'overnight', 'please', 'verify', 'doctor']","[295, 7, 296, 297, 298, 299, 57, 58, 16]"
Early cancer screening can improve treatmnt outcomes. Share this with family. #health #viral,0,"['early', 'cancer', 'screening', 'improve', 'treatmnt', 'outcomes', 'share', 'family']","[276, 73, 277, 278, 755, 279, 94, 95]"
"Chemotherapy has side effects, so it should always be refused. Please verify with doctor.",0,"['chemotherapy', 'side', 'effects', 'always', 'refused', 'please', 'verify', 'doctor']","[47, 12, 13, 48, 49, 57, 58, 16]"
Antibiotics cure all viral infections.,1,"['antibiotics', 'cure', 'viral', 'infections']","[42, 247, 220, 150]"
Forwarded message: Antibiotics cure all viral infections.,1,"['forwarded', 'message', 'antibiotics', 'cure', 'viral', 'infections']","[274, 275, 42, 247, 220, 150]"
Stop taking prescribed medicine and inhale steam to cure COVID completely!!! Please verify with dr!!!,1,"['stop', 'taking', 'prescribed', 'medicine', 'inhale', 'steam', 'cure', 'covid', 'completely', 'please', 'verify', 'dr']","[8, 41, 44, 244, 245, 246, 247, 59, 74, 57, 58, 231]"
Detox water removes all toxins from the body overnight.,1,"['detox', 'water', 'removes', 'toxins', 'body', 'overnight']","[295, 7, 296, 297, 298, 299]"
"Antidepressants can have side effects, so nobody should take them. Please verify with doctor. This may not apply to everyone.",0,"['antidepressants', 'side', 'effects', 'nobody', 'take', 'please', 'verify', 'doctor', 'may', 'apply', 'everyone']","[11, 12, 13, 14, 15, 57, 58, 16, 77, 85, 86]"
".@CDCMMWR finds 21 #COVID19 cases in 2 Hawaii gyms linked to a fitness instructor who taught classes a few days before showing symptoms. Wearing a well-fitting mask & staying 6 ft apart, even during high-intensity exercise, is important to slow the spread. http://bit.ly/MMWR22421",0,"['cdcmmwr', 'finds', 'cases', 'hawaii', 'gyms', 'linked', 'fitness', 'instructor', 'taught', 'classes', 'days', 'showing', 'symptoms', 'wearing', 'wellfitting', 'mask', 'staying', 'ft', 'apart', 'even', 'highintensity', 'exercise', 'important', 'slow', 'spread']","[165, 166, 149, 1, 1, 760, 1, 1, 1, 1, 239, 365, 255, 769, 1, 388, 770, 496, 771, 493, 1, 623, 469, 645, 158]"
A viral post says: Vaccines help the immune system recognize infections!!! This is based on personal experience!!!,0,"['viral', 'post', 'says', 'vaccines', 'help', 'immune', 'system', 'recognize', 'infections', 'based', 'personal', 'experience']","[220, 344, 145, 22, 64, 182, 352, 353, 150, 466, 467, 468]"
COVID-19 testing kits come with preloaded positive and negative results to cheat people.,1,"['covid', 'testing', 'kits', 'come', 'preloaded', 'positive', 'negative', 'results', 'cheat', 'people']","[59, 314, 1, 1, 1, 168, 1, 1, 1, 140]"
Video montage shows Kamala Harris and others faking vaccination,1,"['video', 'montage', 'shows', 'kamala', 'harris', 'others', 'faking', 'vaccination']","[772, 1, 455, 330, 331, 450, 1, 122]"
Lemon water prevents all cancer if taken every morning. Please verify with doctor. This is based on personal experience.,1,"['lemon', 'water', 'prevents', 'cancer', 'taken', 'every', 'morning', 'please', 'verify', 'doctor', 'based', 'personal', 'experience']","[372, 7, 126, 73, 373, 127, 374, 57, 58, 16, 466, 467, 468]"
Ethylene oxide used in COVID-19 testing swabs “literally changes the structure of the building blocks of your own body.”,1,"['ethylene', 'oxide', 'used', 'covid', 'testing', 'swabs', 'literally', 'changes', 'structure', 'building', 'blocks', 'body']","[773, 545, 43, 59, 314, 774, 775, 776, 777, 660, 778, 298]"
4 British Airways pilots died due to vaccination against COVID-19,1,"['british', 'airways', 'pilots', 'died', 'due', 'vaccination', 'covid']","[779, 1, 476, 428, 625, 122, 59]"
Severe chest pain may require urgent medical attention. #health #viral,0,"['severe', 'chest', 'pain', 'may', 'require', 'urgent', 'medical', 'attention']","[76, 3, 4, 77, 78, 79, 80, 81]"
"Most young people recover from COVID, so prevention is unnecessary!!! Context is unclear.",0,"['young', 'people', 'recover', 'covid', 'prevention', 'unnecessary', 'context', 'unclear']","[207, 140, 208, 59, 209, 210, 25, 26]"
The false or unproven claims about COVID-19 vaccines in the letter addressed to the president of the Valencia College of Physicians.,1,"['false', 'unproven', 'claims', 'covid', 'vaccines', 'letter', 'addressed', 'president', 'valencia', 'college', 'physicians']","[696, 697, 398, 59, 22, 508, 698, 477, 699, 611, 700]"
Stop insulin and use bitter melon juice instead.,1,"['stop', 'insulin', 'use', 'bitter', 'melon', 'juice', 'instead']","[8, 367, 183, 368, 369, 370, 371]"
"American Centers for Disease Control (CDC), June 24, 2021: Only 6% of reported cases die from Covid-19. Six! There is no pandemic. Prepare for the truth, it will hurt.",1,"['american', 'centers', 'disease', 'control', 'cdc', 'june', 'reported', 'cases', 'die', 'covid', 'six', 'pandemic', 'prepare', 'truth', 'hurt']","[780, 781, 587, 180, 27, 303, 169, 149, 554, 59, 628, 65, 1, 1, 1]"
#COVID19 vaccines are effective but it typically takes 2 weeks for your body to build protection after vaccination. This means people can get COVID-19 if they are exposed just before or after they’re vaccinated. More: https://bit.ly/2QL0XAC ,0,"['vaccines', 'effective', 'typically', 'takes', 'weeks', 'body', 'build', 'protection', 'vaccination', 'means', 'people', 'get', 'covid', 'exposed', 'theyre', 'vaccinated']","[22, 433, 1, 712, 414, 298, 613, 438, 122, 782, 140, 34, 59, 289, 688, 142]"
Prenatal care helps monitor maternal and fetal health.,0,"['prenatal', 'care', 'helps', 'monitor', 'maternal', 'fetal', 'health']","[129, 130, 54, 131, 132, 133, 62]"
"Trying to start a family? If you’re trying to get pregnant now or would like to get pregnant in the future, you can get a #COVID19 vaccine. There’s no evidence that any vaccines, including COVID-19 vaccines, can cause fertility problems. More: https://bit.ly/3hQ9yv9.",0,"['trying', 'start', 'family', 'youre', 'trying', 'get', 'pregnant', 'would', 'like', 'get', 'pregnant', 'future', 'get', 'vaccine', 'theres', 'evidence', 'vaccines', 'including', 'covid', 'vaccines', 'cause', 'fertility', 'problems']","[783, 1, 95, 40, 783, 34, 265, 309, 364, 34, 265, 784, 34, 35, 1, 767, 22, 559, 59, 22, 88, 193, 785]"
"Most childhood fevers are viral, so medical advice is never needed. Please verify with doctor.",0,"['childhood', 'fevers', 'viral', 'medical', 'advice', 'never', 'needed', 'please', 'verify', 'doctor']","[218, 219, 220, 80, 221, 222, 106, 57, 58, 16]"
Health tip: Use leftover antibiotics whenever you feel feverish.,1,"['health', 'tip', 'use', 'leftover', 'antibiotics', 'whenever', 'feel', 'feverish']","[62, 111, 183, 184, 42, 185, 186, 187]"
COVID-19 vaccines lead to virus mutations and vaccinated people are responsible for variants,1,"['covid', 'vaccines', 'lead', 'virus', 'mutations', 'vaccinated', 'people', 'responsible', 'variants']","[59, 22, 280, 281, 1, 142, 140, 1, 157]"
Breaking health advice: Teething always causes very high fever. Please verify with doctor.,1,"['breaking', 'health', 'advice', 'teething', 'always', 'causes', 'high', 'fever', 'please', 'verify', 'doctor']","[115, 62, 221, 107, 48, 108, 109, 110, 57, 58, 16]"
Ignore chest pain and drink cold water to stop a heart attack.,1,"['ignore', 'chest', 'pain', 'drink', 'cold', 'water', 'stop', 'heart', 'attack']","[2, 3, 4, 5, 6, 7, 8, 9, 10]"
Detox water removes all toxins from the body overnight. Please verify with doctor. This may not apply to everyone.,1,"['detox', 'water', 'removes', 'toxins', 'body', 'overnight', 'please', 'verify', 'doctor', 'may', 'apply', 'everyone']","[295, 7, 296, 297, 298, 299, 57, 58, 16, 77, 85, 86]"
"Exercise improves heart health, so medication is never needed.",0,"['exercise', 'improves', 'heart', 'health', 'medication', 'never', 'needed']","[623, 624, 9, 62, 105, 222, 106]"
"Many U.S. counties with low vaccination rates had a high number of positive #COVID19 tests. In parts of the Southeast, Midwest, and Northwest, less than 40% of people are vaccinated and more than 10% of tests were positive in the last 7 days. More: https://bit.ly/CDTvaxbycase ",0,"['many', 'us', 'counties', 'low', 'vaccination', 'rates', 'high', 'number', 'positive', 'tests', 'parts', 'southeast', 'midwest', 'northwest', 'less', 'people', 'vaccinated', 'tests', 'positive', 'last', 'days']","[293, 117, 387, 386, 122, 172, 109, 312, 168, 607, 786, 1, 1, 1, 389, 140, 142, 607, 168, 762, 239]"
The COVID-19 vaccines cause variants to emerge.,1,"['covid', 'vaccines', 'cause', 'variants', 'emerge']","[59, 22, 88, 157, 787]"
Suicidal thoughts require immediate support and professional help. Please verify with doctor.,0,"['suicidal', 'thoughts', 'require', 'immediate', 'support', 'professional', 'help', 'please', 'verify', 'doctor']","[160, 161, 78, 162, 163, 164, 64, 57, 58, 16]"
Positive thinking alone cures clinical depression.,1,"['positive', 'thinking', 'alone', 'cures', 'clinical', 'depression']","[168, 232, 179, 72, 194, 101]"
New strains of COVID-19 are spread from the helicopter.,1,"['new', 'strains', 'covid', 'spread', 'helicopter']","[134, 708, 59, 158, 1]"
Hot water may kill coronavirus inside the throat.,1,"['hot', 'water', 'may', 'kill', 'coronavirus', 'inside', 'throat']","[375, 7, 77, 376, 377, 378, 379]"
"Sugar contributes calories, so fruit should be completely avoided. Please verify with doctor.",0,"['sugar', 'contributes', 'calories', 'fruit', 'completely', 'avoided', 'please', 'verify', 'doctor']","[89, 90, 91, 92, 74, 93, 57, 58, 16]"
"A viral post says: Some medications are risky in pregnancy, so all medicins must be stopped!!! Please verify with doctor!!!",0,"['viral', 'post', 'says', 'medications', 'risky', 'pregnancy', 'medicins', 'must', 'stopped', 'please', 'verify', 'doctor']","[220, 344, 145, 39, 67, 68, 525, 69, 70, 57, 58, 16]"
A balanced diet supports general health. Context is unclear.,0,"['balanced', 'diet', 'supports', 'general', 'health', 'context', 'unclear']","[112, 113, 114, 23, 62, 25, 26]"
Skipping dinner is the best treatmnt for obesity in everyone.,1,"['skipping', 'dinner', 'best', 'treatmnt', 'obesity', 'everyone']","[96, 97, 98, 755, 100, 86]"
Positive thinking alone cures clinical depression. Please verify with doctor.,1,"['positive', 'thinking', 'alone', 'cures', 'clinical', 'depression', 'please', 'verify', 'doctor']","[168, 232, 179, 72, 194, 101, 57, 58, 16]"
Regular monitoring of blood glucose helps diabetes management. Context is unclear.,0,"['regular', 'monitoring', 'blood', 'glucose', 'helps', 'diabetes', 'management', 'context', 'unclear']","[50, 51, 52, 53, 54, 55, 56, 25, 26]"
"One dose of an mRNA #COVID19 vaccine may offer some protection, but two doses are needed for a better immune response. Get a COVID-19 vaccine as soon as you can. If you get an mRNA vaccine, be sure to get both doses. More: https://bit.ly/3btJaFU",0,"['one', 'dose', 'mrna', 'vaccine', 'may', 'offer', 'protection', 'two', 'doses', 'needed', 'better', 'immune', 'response', 'get', 'covid', 'vaccine', 'soon', 'get', 'mrna', 'vaccine', 'sure', 'get', 'doses']","[214, 226, 238, 35, 77, 479, 438, 478, 243, 106, 21, 182, 788, 34, 59, 35, 159, 34, 238, 35, 736, 34, 243]"
High fever in infants should be evaluated by a healthcare professional.,0,"['high', 'fever', 'infants', 'evaluated', 'healthcare', 'professional']","[109, 110, 594, 595, 37, 164]"
Regular monitoring of blood glucose helps diabetes management. Ask a clinician before acting. #health #viral,0,"['regular', 'monitoring', 'blood', 'glucose', 'helps', 'diabetes', 'management', 'ask', 'clinician', 'acting']","[50, 51, 52, 53, 54, 55, 56, 268, 46, 269]"
Vaccines permanently damage fertility and should be avoided.,1,"['vaccines', 'permanently', 'damage', 'fertility', 'avoided']","[22, 191, 192, 193, 93]"
"Parents: Taking your child to get their #COVID19 vaccine? Use the 15-minute observation period right after vaccination to enroll them in v-safe, a smartphone-based tool. With v-safe, you can tell CDC if your child has any side effects. More: https://bit.ly/3gNkdpZ ",0,"['parents', 'taking', 'child', 'get', 'vaccine', 'use', 'minute', 'observation', 'period', 'right', 'vaccination', 'enroll', 'vsafe', 'smartphonebased', 'tool', 'vsafe', 'tell', 'cdc', 'child', 'side', 'effects']","[539, 41, 667, 34, 35, 183, 535, 536, 537, 647, 122, 1, 541, 1, 405, 541, 719, 27, 667, 12, 13]"
"Some medications are risky in pregnancy, so all medicins must be stopped!!! This may not apply to everyone!!!",0,"['medications', 'risky', 'pregnancy', 'medicins', 'must', 'stopped', 'may', 'apply', 'everyone']","[39, 67, 68, 525, 69, 70, 77, 85, 86]"
Two children died from Pfizer-BioNTechs COVID-19 vaccine in Australia.,1,"['two', 'children', 'died', 'pfizerbiontechs', 'covid', 'vaccine', 'australia']","[478, 351, 428, 516, 59, 35, 354]"
Detox water removes all toxins from the body overnight. Please verify with doctor.,1,"['detox', 'water', 'removes', 'toxins', 'body', 'overnight', 'please', 'verify', 'doctor']","[295, 7, 296, 297, 298, 299, 57, 58, 16]"
Cinnamon alone can control blood sugar in all diabetes patients. Please verify with doctor. Share this with family.,1,"['cinnamon', 'alone', 'control', 'blood', 'sugar', 'diabetes', 'patients', 'please', 'verify', 'doctor', 'share', 'family']","[178, 179, 180, 52, 89, 55, 181, 57, 58, 16, 94, 95]"
"As of March 1, more than 50 million people in the US had received their first dose of COVID-19 vaccine. Of those, more than 25 million had received both doses & are fully vaccinated. More data: http://bit.ly/CDT_vaccine",0,"['march', 'million', 'people', 'us', 'received', 'first', 'dose', 'covid', 'vaccine', 'million', 'received', 'doses', 'fully', 'vaccinated', 'data']","[1, 224, 140, 117, 225, 443, 226, 59, 35, 224, 225, 243, 227, 142, 324]"
Antibiotics should be used as prescribed by a qualified clinician. This may not apply to everyone.,0,"['antibiotics', 'used', 'prescribed', 'qualified', 'clinician', 'may', 'apply', 'everyone']","[42, 43, 44, 45, 46, 77, 85, 86]"
"IndiaFightsCorona Early identification is one of the most important tools to ensure the #COVID infected people don't become critical 15.8 lakh #COVID19 tests are being done on a daily basis - JS, @MoHFW_INDIA, #Unite2FightCorona#StaySafe ",0,"['indiafightscorona', 'early', 'identification', 'one', 'important', 'tools', 'ensure', 'infected', 'people', 'dont', 'become', 'critical', 'lakh', 'tests', 'done', 'daily', 'basis', 'js', 'mohfwindia']","[1, 276, 1, 214, 469, 612, 789, 287, 140, 382, 357, 404, 790, 607, 791, 653, 1, 648, 649]"
"Someone claimed: Most childhood fevers are viral, so medical advice is never needed.",0,"['someone', 'claimed', 'childhood', 'fevers', 'viral', 'medical', 'advice', 'never', 'needed']","[229, 230, 218, 219, 220, 80, 221, 222, 106]"
"Doctor said online: Antidepressants can have side effects, so nobody should take them. Please verify with doctor. Share this with family. Context is unclear.",0,"['doctor', 'said', 'online', 'antidepressants', 'side', 'effects', 'nobody', 'take', 'please', 'verify', 'doctor', 'share', 'family', 'context', 'unclear']","[16, 17, 18, 11, 12, 13, 14, 15, 57, 58, 16, 94, 95, 25, 26]"
Pregnant people are at higher risk of severe illness and death from #COVID19 compared to non pregnant people of reproductive age. Health care providers can offer accurate vaccine information to increase COVID-19 vaccination among pregnant people. More: http://bit.ly/MMWR61521,0,"['pregnant', 'people', 'higher', 'risk', 'severe', 'illness', 'death', 'compared', 'non', 'pregnant', 'people', 'reproductive', 'age', 'health', 'care', 'providers', 'offer', 'accurate', 'vaccine', 'information', 'increase', 'covid', 'vaccination', 'among', 'pregnant', 'people']","[265, 140, 173, 471, 76, 241, 347, 632, 1, 265, 140, 726, 519, 62, 130, 1, 479, 704, 35, 143, 792, 59, 122, 151, 265, 140]"
"Health tip: Most childhood fevers are viral, so medical advice is never needed!!! #health #viral",0,"['health', 'tip', 'childhood', 'fevers', 'viral', 'medical', 'advice', 'never', 'needed']","[62, 111, 218, 219, 220, 80, 221, 222, 106]"
"In a forum, a user wrote: Stop taking prescribed medicine and inhale steam to cure COVID completely.",1,"['forum', 'user', 'wrote', 'stop', 'taking', 'prescribed', 'medicine', 'inhale', 'steam', 'cure', 'covid', 'completely']","[82, 83, 84, 8, 41, 44, 244, 245, 246, 247, 59, 74]"
Forwarded message: Garlic water cures cancer completely without chemotherapy.,1,"['forwarded', 'message', 'garlic', 'water', 'cures', 'cancer', 'completely', 'without', 'chemotherapy']","[274, 275, 71, 7, 72, 73, 74, 75, 47]"
A video claims that the US CDC has patented the COVID-19 in 2003,1,"['video', 'claims', 'us', 'cdc', 'patented', 'covid']","[772, 398, 117, 27, 1, 59]"
Depression can be cured by stopping all psychiatric medication.,1,"['depression', 'cured', 'stopping', 'psychiatric', 'medication']","[101, 102, 103, 104, 105]"
"Most childhood fevers are viral, so medical advice is never needed. Share this with family. Context is unclear.",0,"['childhood', 'fevers', 'viral', 'medical', 'advice', 'never', 'needed', 'share', 'family', 'context', 'unclear']","[218, 219, 220, 80, 221, 222, 106, 94, 95, 25, 26]"
"At the 76th #UNGA, WHO is urging world leaders to guarantee equitable access to #COVID19 vaccines & life-saving tools ensure better pandemic preparedness get the @GlobalGoalsUN back on track Read more ://bit.ly/3klwuVU",0,"['th', 'urging', 'world', 'leaders', 'guarantee', 'equitable', 'access', 'vaccines', 'lifesaving', 'tools', 'ensure', 'better', 'pandemic', 'preparedness', 'get', 'globalgoalsun', 'back', 'track', 'read', 'bitlyklwuvu']","[682, 1, 462, 721, 1, 723, 558, 22, 1, 612, 789, 21, 65, 1, 34, 1, 608, 435, 260, 1]"
"Compounded by more transmissible variants, like Delta, which is quickly becoming the dominant strain in many countries, we are in a very dangerous period of this #COVID19 pandemic - @DrTedros",0,"['compounded', 'transmissible', 'variants', 'like', 'delta', 'quickly', 'becoming', 'dominant', 'strain', 'many', 'countries', 'dangerous', 'period', 'pandemic', 'drtedros']","[1, 1, 157, 364, 152, 793, 1, 1, 458, 293, 407, 526, 537, 65, 605]"
"Forwarded message: Most young people recover from COVID, so prevention is unnecessary.",0,"['forwarded', 'message', 'young', 'people', 'recover', 'covid', 'prevention', 'unnecessary']","[274, 275, 207, 140, 208, 59, 209, 210]"
Skipping dinner is the best treatment for obesity in everyone.,1,"['skipping', 'dinner', 'best', 'treatment', 'obesity', 'everyone']","[96, 97, 98, 99, 100, 86]"
Antibiotics should be used as prescribed by a qualified clinician.,0,"['antibiotics', 'used', 'prescribed', 'qualified', 'clinician']","[42, 43, 44, 45, 46]"
Lemon water prevents all cancer if taken every morning. Context is unclear.,1,"['lemon', 'water', 'prevents', 'cancer', 'taken', 'every', 'morning', 'context', 'unclear']","[372, 7, 126, 73, 373, 127, 374, 25, 26]"
"“45,000 confirmed dead from the COVID-19 shots within three days… and they’ve covered it up.”",1,"['confirmed', 'dead', 'covid', 'shots', 'within', 'three', 'days', 'theyve', 'covered']","[794, 532, 59, 437, 663, 629, 239, 494, 1]"
Health tip: Stop insulin and use bitter melon juice instead!!!,1,"['health', 'tip', 'stop', 'insulin', 'use', 'bitter', 'melon', 'juice', 'instead']","[62, 111, 8, 367, 183, 368, 369, 370, 371]"
Vaccines permanently damage fertility and should be avoided.,1,"['vaccines', 'permanently', 'damage', 'fertility', 'avoided']","[22, 191, 192, 193, 93]"
"Someone claimed: Sugar contributes calories, so fruit should be completely avoided.",0,"['someone', 'claimed', 'sugar', 'contributes', 'calories', 'fruit', 'completely', 'avoided']","[229, 230, 89, 90, 91, 92, 74, 93]"
"EsperanzaHealthCenters in Chicago is caring for its patients & community by setting up #COVID19 vaccination clinics. By working with the community, staff have administered more than 60,000 doses of vaccine since December. More: https://bit.ly/3z2fOqQ",0,"['esperanzahealthcenters', 'chicago', 'caring', 'patients', 'community', 'setting', 'vaccination', 'clinics', 'working', 'community', 'staff', 'administered', 'doses', 'vaccine', 'since', 'december']","[1, 1, 795, 181, 511, 1, 122, 1, 1, 511, 487, 406, 243, 35, 419, 1]"
Regular monitoring of blood glucose helps diabetes management. #health #viral,0,"['regular', 'monitoring', 'blood', 'glucose', 'helps', 'diabetes', 'management']","[50, 51, 52, 53, 54, 55, 56]"
Vaccines help the immune system recognize infections.,0,"['vaccines', 'help', 'immune', 'system', 'recognize', 'infections']","[22, 64, 182, 352, 353, 150]"
Thank you Health Minister @mansukhmandviya for announcing #India will resume crucial #COVID19 vaccine shipments to #COVAX in October. This is an important development in support of reaching the 40% vaccination target in all countries by the end of the year. #VaccinEquity,0,"['thank', 'health', 'minister', 'mansukhmandviya', 'announcing', 'resume', 'crucial', 'vaccine', 'shipments', 'october', 'important', 'development', 'support', 'reaching', 'vaccination', 'target', 'countries', 'end', 'year']","[1, 62, 747, 465, 1, 796, 1, 35, 1, 680, 469, 1, 163, 449, 122, 685, 407, 282, 492]"
A vitamin drink works better than vaccines for general wellness!!! Ask a clinician before acting!!!,1,"['vitamin', 'drink', 'works', 'better', 'vaccines', 'general', 'wellness', 'ask', 'clinician', 'acting']","[19, 5, 20, 21, 22, 23, 24, 268, 46, 269]"
"Antidepressants can have side effects, so nobody should take them.",0,"['antidepressants', 'side', 'effects', 'nobody', 'take']","[11, 12, 13, 14, 15]"
"There are no more COVID-19 patients in Slovenia: masks, quarantines and vaccinations have been cancelled",1,"['covid', 'patients', 'slovenia', 'masks', 'quarantines', 'vaccinations', 'cancelled']","[59, 181, 1, 664, 1, 285, 1]"
Stop taking prescribed medicine and inhale steam to cure COVID completely.,1,"['stop', 'taking', 'prescribed', 'medicine', 'inhale', 'steam', 'cure', 'covid', 'completely']","[8, 41, 44, 244, 245, 246, 247, 59, 74]"
A viral post says: Vaccines help the immune system recognize infections. Please verify with doctor. Share this with family. #health #viral Context is unclear.,0,"['viral', 'post', 'says', 'vaccines', 'help', 'immune', 'system', 'recognize', 'infections', 'please', 'verify', 'doctor', 'share', 'family', 'context', 'unclear']","[220, 344, 145, 22, 64, 182, 352, 353, 150, 57, 58, 16, 94, 95, 25, 26]"
"Sugar contributes calories, so fruit shud be completely avoided. Please verify with dr.",0,"['sugar', 'contributes', 'calories', 'fruit', 'shud', 'completely', 'avoided', 'please', 'verify', 'dr']","[89, 90, 91, 92, 273, 74, 93, 57, 58, 231]"
"A viral post says: Exercise improves heart health, so medication is never needed!!! Context is unclear.",0,"['viral', 'post', 'says', 'exercise', 'improves', 'heart', 'health', 'medication', 'never', 'needed', 'context', 'unclear']","[220, 344, 145, 623, 624, 9, 62, 105, 222, 106, 25, 26]"
Antibiotics cure all viral infections.,1,"['antibiotics', 'cure', 'viral', 'infections']","[42, 247, 220, 150]"
Vaccination can reduce the risk of severe COVID-19 outcomes.,0,"['vaccination', 'reduce', 'risk', 'severe', 'covid', 'outcomes']","[122, 326, 471, 76, 59, 279]"
"Exercise improves heart health, so medication is never needed. Please verify with doctor.",0,"['exercise', 'improves', 'heart', 'health', 'medication', 'never', 'needed', 'please', 'verify', 'doctor']","[623, 624, 9, 62, 105, 222, 106, 57, 58, 16]"
"I have urged leaders across the world to work together to ensure that by this time next year, 70% of all people in every country are vaccinated [against #COVID19]. - @DrTedros",0,"['urged', 'leaders', 'across', 'world', 'work', 'together', 'ensure', 'time', 'next', 'year', 'people', 'every', 'country', 'vaccinated', 'drtedros']","[1, 721, 461, 462, 797, 1, 789, 33, 627, 492, 140, 127, 722, 142, 605]"
"If you are fully vaccinated against #COVID19, you can resume activities without wearing a mask or staying 6 feet apart, except where required by federal, state, local, tribal or territorial laws, and local business and workplace guidance. More: https://bit.ly/3mKHutV.",0,"['fully', 'vaccinated', 'resume', 'activities', 'without', 'wearing', 'mask', 'staying', 'feet', 'apart', 'except', 'required', 'federal', 'state', 'local', 'tribal', 'territorial', 'laws', 'local', 'business', 'workplace', 'guidance']","[227, 142, 796, 798, 75, 769, 388, 770, 799, 771, 1, 403, 1, 248, 251, 249, 250, 422, 251, 1, 642, 800]"
"Don’t let Delta & other variants slow our progress in the fight against #COVID19. When the virus continues to spread, there are more opportunities for the virus to change and for new variants to emerge. https://bit.ly/VariantsCOVID19.",0,"['dont', 'let', 'delta', 'variants', 'slow', 'progress', 'fight', 'virus', 'continues', 'spread', 'opportunities', 'virus', 'change', 'new', 'variants', 'emerge']","[382, 350, 152, 157, 645, 383, 356, 281, 1, 158, 1, 281, 510, 134, 157, 787]"
Antibiotics should be used as prescribed by a qualified clinician.,0,"['antibiotics', 'used', 'prescribed', 'qualified', 'clinician']","[42, 43, 44, 45, 46]"
The Vice President and I discussed the importance of sharing technology to ramp up local production & increase access to #COVID19 vaccines. I welcomed his support for #VaccinEquity & reassured him that @WHO & #COVAX partners are doing their best to support with more doses.,0,"['vice', 'president', 'discussed', 'importance', 'sharing', 'technology', 'ramp', 'local', 'production', 'increase', 'access', 'vaccines', 'welcomed', 'support', 'reassured', 'partners', 'best', 'support', 'doses']","[1, 477, 430, 633, 1, 563, 1, 251, 801, 792, 558, 22, 1, 163, 1, 524, 98, 163, 243]"
"As of June 21, 2021, more than 177.3 million people had received at least one dose of a #COVID19 vaccine. Of those, more than 150 million are fully vaccinated. If you’re fully vaccinated, you can do things you stopped doing because of the pandemic. More: http://bit.ly/CDT_vaccine ",0,"['june', 'million', 'people', 'received', 'least', 'one', 'dose', 'vaccine', 'million', 'fully', 'vaccinated', 'youre', 'fully', 'vaccinated', 'things', 'stopped', 'pandemic']","[303, 224, 140, 225, 170, 214, 226, 35, 224, 227, 142, 40, 227, 142, 228, 70, 65]"
"Early data suggest that the B.1.617.2 (Delta) variant now makes up more than 50% of U.S. #COVID19 cases. In some parts of the country, this percentage is higher, especially in areas with low vaccination. Get vaccinated as soon as possible. More: http://bit.ly/CDTweeklyreview",0,"['early', 'data', 'suggest', 'b', 'delta', 'variant', 'makes', 'us', 'cases', 'parts', 'country', 'percentage', 'higher', 'especially', 'areas', 'low', 'vaccination', 'get', 'vaccinated', 'soon', 'possible']","[276, 324, 620, 766, 152, 153, 283, 117, 149, 786, 722, 802, 173, 634, 604, 386, 122, 34, 142, 159, 738]"
"Sugar contributes calories, so fruit shud be completely avoided.",0,"['sugar', 'contributes', 'calories', 'fruit', 'shud', 'completely', 'avoided']","[89, 90, 91, 92, 273, 74, 93]"
"In a forum, a user wrote: Garlic water cures cancer completely without chemotherapy.",1,"['forum', 'user', 'wrote', 'garlic', 'water', 'cures', 'cancer', 'completely', 'without', 'chemotherapy']","[82, 83, 84, 71, 7, 72, 73, 74, 75, 47]"
Use leftover antibiotics whenever you feel feverish. Ask a clinician before acting.,1,"['use', 'leftover', 'antibiotics', 'whenever', 'feel', 'feverish', 'ask', 'clinician', 'acting']","[183, 184, 42, 185, 186, 187, 268, 46, 269]"
Use leftover antibiotics whenever you feel feverish. Please verify with doctor. This is based on personal experience.,1,"['use', 'leftover', 'antibiotics', 'whenever', 'feel', 'feverish', 'please', 'verify', 'doctor', 'based', 'personal', 'experience']","[183, 184, 42, 185, 186, 187, 57, 58, 16, 466, 467, 468]"
"Overall, trends in #COVID19 cases continue to improve across the United States. The 7-day average of daily new cases is 11,282, down 7.1% from the week before. Get vaccinated as soon as you can to protect yourself & your community. More data: https://bit.ly/36EDJQI.",0,"['overall', 'trends', 'cases', 'continue', 'improve', 'across', 'united', 'states', 'day', 'average', 'daily', 'new', 'cases', 'week', 'get', 'vaccinated', 'soon', 'protect', 'community', 'data']","[1, 585, 149, 446, 278, 461, 123, 124, 651, 803, 653, 134, 149, 308, 34, 142, 159, 199, 511, 324]"
"Most childhood fevers are viral, so medical advice is never needed.",0,"['childhood', 'fevers', 'viral', 'medical', 'advice', 'never', 'needed']","[218, 219, 220, 80, 221, 222, 106]"
At the #WTOPublicForum I reiterated why we need strong leadership more than ever: - To remove unnecessary trade constraints so vaccines are available to those most in need -To support the roll out of #COVID19 vaccines -To lower trade & travel barriers during health emergencies,0,"['reiterated', 'need', 'strong', 'leadership', 'ever', 'remove', 'unnecessary', 'trade', 'constraints', 'vaccines', 'available', 'need', 'support', 'roll', 'vaccines', 'lower', 'trade', 'travel', 'barriers', 'health', 'emergencies']","[1, 288, 596, 1, 1, 1, 210, 804, 1, 22, 503, 288, 163, 1, 22, 592, 804, 756, 556, 62, 1]"
Early cancer screening can improve treatmnt outcomes. Please verify with doctor.,0,"['early', 'cancer', 'screening', 'improve', 'treatmnt', 'outcomes', 'please', 'verify', 'doctor']","[276, 73, 277, 278, 755, 279, 57, 58, 16]"
Stop taking prescribed medicine and inhale steam to cure COVID completely.,1,"['stop', 'taking', 'prescribed', 'medicine', 'inhale', 'steam', 'cure', 'covid', 'completely']","[8, 41, 44, 244, 245, 246, 247, 59, 74]"
Health tip: Depression can be cured by stopping all psychiatric medication.,1,"['health', 'tip', 'depression', 'cured', 'stopping', 'psychiatric', 'medication']","[62, 111, 101, 102, 103, 104, 105]"
People who vaccinated against COVID-19 cannot fly by airplanes due to the risk of thrombosis,1,"['people', 'vaccinated', 'covid', 'cannot', 'fly', 'airplanes', 'due', 'risk', 'thrombosis']","[140, 142, 59, 562, 1, 1, 625, 471, 805]"
True! Experts do not yet know how long you are protected from getting sick again after recovering from #COVID19. Get your COVID-19 vaccine as soon as you can. Learn more: https://bit.ly/2IWccCd.,0,"['true', 'experts', 'yet', 'know', 'long', 'protected', 'getting', 'sick', 'recovering', 'get', 'covid', 'vaccine', 'soon', 'learn']","[1, 1, 270, 470, 1, 575, 141, 501, 1, 34, 59, 35, 159, 66]"
"Advisory Committee on Immunization Practices (ACIP) recommends third authorized #COVID19 vaccine for use in the U.S., & CDC has adopted the recommendation. CDC recommends vaccines are offered first to people ACIP identified as a priority population. More: https://bit.ly/3b2FcUs",0,"['advisory', 'committee', 'immunization', 'practices', 'acip', 'recommends', 'third', 'authorized', 'vaccine', 'use', 'us', 'cdc', 'adopted', 'recommendation', 'cdc', 'recommends', 'vaccines', 'offered', 'first', 'people', 'acip', 'identified', 'priority', 'population']","[1, 1, 1, 1, 806, 702, 463, 741, 35, 183, 117, 27, 1, 615, 27, 702, 22, 340, 443, 140, 806, 1, 1, 366]"
"Today WHO has announced a new naming system for key #COVID 19 variants. The labels are based on the Greek alphabet (i.e. Alpha, Beta, Gamma, etc), making them simple, easy to say and remember. https://bit.ly/3fxWgnn",0,"['today', 'announced', 'new', 'naming', 'system', 'key', 'variants', 'labels', 'based', 'greek', 'alphabet', 'ie', 'alpha', 'beta', 'gamma', 'etc', 'making', 'simple', 'easy', 'say', 'remember']","[264, 333, 134, 1, 352, 1, 157, 1, 466, 1, 1, 1, 1, 1, 1, 349, 807, 1, 808, 731, 1]"
Breaking health advice: Stop insulin and use bitter melon juice instead.,1,"['breaking', 'health', 'advice', 'stop', 'insulin', 'use', 'bitter', 'melon', 'juice', 'instead']","[115, 62, 221, 8, 367, 183, 368, 369, 370, 371]"
A viral post says: Lemon water prevents all cancer if taken every morning.,1,"['viral', 'post', 'says', 'lemon', 'water', 'prevents', 'cancer', 'taken', 'every', 'morning']","[220, 344, 145, 372, 7, 126, 73, 373, 127, 374]"
Health tip: Ultrasound always harms the baby.,1,"['health', 'tip', 'ultrasound', 'always', 'harms', 'baby']","[62, 111, 319, 48, 320, 195]"
Stop taking prescribed medicine and inhale steam to cure COVID completely. Please verify with doctor.,1,"['stop', 'taking', 'prescribed', 'medicine', 'inhale', 'steam', 'cure', 'covid', 'completely', 'please', 'verify', 'doctor']","[8, 41, 44, 244, 245, 246, 247, 59, 74, 57, 58, 16]"
Someone claimed: Positive thinking alone cures clinical depression. This is based on personal experience.,1,"['someone', 'claimed', 'positive', 'thinking', 'alone', 'cures', 'clinical', 'depression', 'based', 'personal', 'experience']","[229, 230, 168, 232, 179, 72, 194, 101, 466, 467, 468]"
The WORLD HEALTH ORGANIZATION recently reversed its stance on children getting the Covid vaccine.,1,"['world', 'health', 'organization', 'recently', 'reversed', 'stance', 'children', 'getting', 'covid', 'vaccine']","[462, 62, 472, 473, 474, 475, 351, 141, 59, 35]"
Cancer increased twentyfold among COVID-19 vaccinated due to suppressed T cells,1,"['cancer', 'increased', 'twentyfold', 'among', 'covid', 'vaccinated', 'due', 'suppressed', 'cells']","[73, 500, 1, 151, 59, 142, 625, 1, 1]"
Aspirin prevents every heart attack for every adult!!! Context is unclear.,1,"['aspirin', 'prevents', 'every', 'heart', 'attack', 'every', 'adult', 'context', 'unclear']","[125, 126, 127, 9, 10, 127, 128, 25, 26]"
Drinking coffee or tea after vaccination works has an adverse effect on your body to assimilate vaccine,1,"['drinking', 'coffee', 'tea', 'vaccination', 'works', 'adverse', 'effect', 'body', 'assimilate', 'vaccine']","[1, 1, 1, 122, 20, 809, 1, 298, 1, 35]"
Photo from protests in France against quarantine restrictions and vaccination,1,"['photo', 'protests', 'france', 'quarantine', 'restrictions', 'vaccination']","[810, 1, 811, 1, 1, 122]"
"Vaccines can cause mild fever, so they are unsafe for everyone. Context is unclear.",0,"['vaccines', 'cause', 'mild', 'fever', 'unsafe', 'everyone', 'context', 'unclear']","[22, 88, 345, 110, 291, 86, 25, 26]"
A viral post says: Ignore chest pain and drink cold water to stop a heart attack. Please verify with doctor. Context is unclear.,1,"['viral', 'post', 'says', 'ignore', 'chest', 'pain', 'drink', 'cold', 'water', 'stop', 'heart', 'attack', 'please', 'verify', 'doctor', 'context', 'unclear']","[220, 344, 145, 2, 3, 4, 5, 6, 7, 8, 9, 10, 57, 58, 16, 25, 26]"
Increased body magnetism after vaccination worldwide.,1,"['increased', 'body', 'magnetism', 'vaccination', 'worldwide']","[500, 298, 1, 122, 1]"
"Chemotherapy has side effects, so it shud always be refused.",0,"['chemotherapy', 'side', 'effects', 'shud', 'always', 'refused']","[47, 12, 13, 273, 48, 49]"
Depression can be cured by stopping all psychiatric medication. Please verify with doctor.,1,"['depression', 'cured', 'stopping', 'psychiatric', 'medication', 'please', 'verify', 'doctor']","[101, 102, 103, 104, 105, 57, 58, 16]"
Ultrasound always harms the baby. Context is unclear.,1,"['ultrasound', 'always', 'harms', 'baby', 'context', 'unclear']","[319, 48, 320, 195, 25, 26]"
Anthony Patch predicted a COVID-19 pandemic in 2014,1,"['anthony', 'patch', 'predicted', 'covid', 'pandemic']","[635, 1, 302, 59, 65]"
High fever in infants should be evaluated by a healthcare professional.,0,"['high', 'fever', 'infants', 'evaluated', 'healthcare', 'professional']","[109, 110, 594, 595, 37, 164]"
"In a forum, a user wrote: Insulin may cause low blood sugar, so patients should avoid it.",0,"['forum', 'user', 'wrote', 'insulin', 'may', 'cause', 'low', 'blood', 'sugar', 'patients', 'avoid']","[82, 83, 84, 367, 77, 88, 386, 52, 89, 181, 266]"
Positive thinking alone cures clinical depression.,1,"['positive', 'thinking', 'alone', 'cures', 'clinical', 'depression']","[168, 232, 179, 72, 194, 101]"
Someone claimed: Hot water may kill coronavirus inside the throat. This may not apply to everyone. #health #viral,1,"['someone', 'claimed', 'hot', 'water', 'may', 'kill', 'coronavirus', 'inside', 'throat', 'may', 'apply', 'everyone']","[229, 230, 375, 7, 77, 376, 377, 378, 379, 77, 85, 86]"
"""There has been a surge in cases of measles and diarrhea; almost 50% of children are at risk of malnutrition; a resurgence of polio is a major risk; and 2.1 million doses of #COVID19 vaccine remain unused"" @DrTedros #Afghanistan",0,"['surge', 'cases', 'measles', 'diarrhea', 'almost', 'children', 'risk', 'malnutrition', 'resurgence', 'polio', 'major', 'risk', 'million', 'doses', 'vaccine', 'remain', 'unused', 'drtedros']","[646, 149, 1, 1, 652, 351, 471, 1, 1, 1, 1, 471, 224, 243, 35, 598, 1, 605]"
Stop insulin and use bitter melon juice instead!!!,1,"['stop', 'insulin', 'use', 'bitter', 'melon', 'juice', 'instead']","[8, 367, 183, 368, 369, 370, 371]"
"Exercise improves heart health, so medication is never needed.",0,"['exercise', 'improves', 'heart', 'health', 'medication', 'never', 'needed']","[623, 624, 9, 62, 105, 222, 106]"
"Vaccines can cause mild fever, so they are unsafe for everyone. This is based on personal experience. Context is unclear.",0,"['vaccines', 'cause', 'mild', 'fever', 'unsafe', 'everyone', 'based', 'personal', 'experience', 'context', 'unclear']","[22, 88, 345, 110, 291, 86, 466, 467, 468, 25, 26]"
"Antidepressants can have side effects, so nobody should take them.",0,"['antidepressants', 'side', 'effects', 'nobody', 'take']","[11, 12, 13, 14, 15]"
Hot water may kill coronavirus inside the throat. Please verify with doctor.,1,"['hot', 'water', 'may', 'kill', 'coronavirus', 'inside', 'throat', 'please', 'verify', 'doctor']","[375, 7, 77, 376, 377, 378, 379, 57, 58, 16]"
Regular monitoring of blood glucose helps diabetes management!!!,0,"['regular', 'monitoring', 'blood', 'glucose', 'helps', 'diabetes', 'management']","[50, 51, 52, 53, 54, 55, 56]"
"In a forum, a user wrote: A balanced diet supports general health. #health #viral",0,"['forum', 'user', 'wrote', 'balanced', 'diet', 'supports', 'general', 'health']","[82, 83, 84, 112, 113, 114, 23, 62]"
Positive thinking alone cures clinical depression. Please verify with doctor.,1,"['positive', 'thinking', 'alone', 'cures', 'clinical', 'depression', 'please', 'verify', 'doctor']","[168, 232, 179, 72, 194, 101, 57, 58, 16]"
Garlic water cures cancer completely without chemotherapy. No doctor needed.,1,"['garlic', 'water', 'cures', 'cancer', 'completely', 'without', 'chemotherapy', 'doctor', 'needed']","[71, 7, 72, 73, 74, 75, 47, 16, 106]"
Ignore chest pain and drink cold water to stop a heart attack. Please verify with doctor.,1,"['ignore', 'chest', 'pain', 'drink', 'cold', 'water', 'stop', 'heart', 'attack', 'please', 'verify', 'doctor']","[2, 3, 4, 5, 6, 7, 8, 9, 10, 57, 58, 16]"
Estimates show the Delta variant caused over half of recent #COVID19 cases in the United States. Protect yourself against Delta & other variants by getting vaccinated. Learn more about variant proportions in your area: https://bit.ly/32Dpji3.,0,"['estimates', 'show', 'delta', 'variant', 'caused', 'half', 'recent', 'cases', 'united', 'states', 'protect', 'delta', 'variants', 'getting', 'vaccinated', 'learn', 'variant', 'proportions', 'area']","[673, 236, 152, 153, 1, 743, 233, 149, 123, 124, 199, 152, 157, 141, 142, 66, 153, 1, 1]"
"Chemotherapy has side effects, so it should always be refused.",0,"['chemotherapy', 'side', 'effects', 'always', 'refused']","[47, 12, 13, 48, 49]"
Use leftover antibiotics whenever you feel feverish.,1,"['use', 'leftover', 'antibiotics', 'whenever', 'feel', 'feverish']","[183, 184, 42, 185, 186, 187]"
Vaccines help the immune system recognize infections!!! Please verify with doctor!!! Context is unclear.,0,"['vaccines', 'help', 'immune', 'system', 'recognize', 'infections', 'please', 'verify', 'doctor', 'context', 'unclear']","[22, 64, 182, 352, 353, 150, 57, 58, 16, 25, 26]"
CDC and its partners are committed to ensuring that residents and staff in long-term care settings have access to #COVID19 vaccines. Learn more about COVID-19 vaccination access for long-term care settings: https://bit.ly/longtermcare-vax…,0,"['cdc', 'partners', 'committed', 'ensuring', 'residents', 'staff', 'longterm', 'care', 'settings', 'access', 'vaccines', 'learn', 'covid', 'vaccination', 'access', 'longterm', 'care', 'settings']","[27, 524, 1, 754, 812, 487, 813, 130, 622, 558, 22, 66, 59, 122, 558, 813, 130, 622]"
"Health tip: Insulin may cause low blood sugar, so patients should avoid it.",0,"['health', 'tip', 'insulin', 'may', 'cause', 'low', 'blood', 'sugar', 'patients', 'avoid']","[62, 111, 367, 77, 88, 386, 52, 89, 181, 266]"
Regular monitoring of blood glucose helps diabetes management.,0,"['regular', 'monitoring', 'blood', 'glucose', 'helps', 'diabetes', 'management']","[50, 51, 52, 53, 54, 55, 56]"
"In #Lebanon, WHO supports the launch of training sessions to educate #midwives about enhanced infection prevention & control measures to safeguard against preventable infections including #COVID19. Read more: http://bit.ly/2SPrtdg #WHOImpact",0,"['supports', 'launch', 'training', 'sessions', 'educate', 'enhanced', 'infection', 'prevention', 'control', 'measures', 'safeguard', 'preventable', 'infections', 'including', 'read']","[114, 552, 1, 1, 1, 1, 359, 209, 180, 342, 1, 1, 150, 559, 260]"
S proteins in vaccines are toxic.,1,"['proteins', 'vaccines', 'toxic']","[1, 22, 814]"
Forwarded message: Antibiotics should be used as prescribed by a qualified clinician!!! Context is unclear.,0,"['forwarded', 'message', 'antibiotics', 'used', 'prescribed', 'qualified', 'clinician', 'context', 'unclear']","[274, 275, 42, 43, 44, 45, 46, 25, 26]"
Severe chest pain may require urgent medical attention.,0,"['severe', 'chest', 'pain', 'may', 'require', 'urgent', 'medical', 'attention']","[76, 3, 4, 77, 78, 79, 80, 81]"
"The [#COVID19] Delta variant is dangerous and is continuing to evolve & mutate, which requires constant evaluation & careful adjustment of the public health response. - @DrTedros",0,"['delta', 'variant', 'dangerous', 'continuing', 'evolve', 'mutate', 'requires', 'constant', 'evaluation', 'careful', 'adjustment', 'public', 'health', 'response', 'drtedros']","[152, 153, 526, 1, 1, 1, 1, 1, 1, 1, 1, 252, 62, 788, 605]"
"Some medications are risky in pregnancy, so all medicines must be stopped. Share this with family.",0,"['medications', 'risky', 'pregnancy', 'medicines', 'must', 'stopped', 'share', 'family']","[39, 67, 68, 31, 69, 70, 94, 95]"
COVID-19 vaccines contain microscopic robots that can alter human DNA.,1,"['covid', 'vaccines', 'contain', 'microscopic', 'robots', 'alter', 'human', 'dna']","[59, 22, 815, 1, 1, 768, 361, 421]"
Breaking health advice: Vaccines help the immune system recognize infections. Please verify with doctor. Ask a clinician before acting.,0,"['breaking', 'health', 'advice', 'vaccines', 'help', 'immune', 'system', 'recognize', 'infections', 'please', 'verify', 'doctor', 'ask', 'clinician', 'acting']","[115, 62, 221, 22, 64, 182, 352, 353, 150, 57, 58, 16, 268, 46, 269]"
Ultrasound always harms the baby.,1,"['ultrasound', 'always', 'harms', 'baby']","[319, 48, 320, 195]"
Photo shows people protesting against “vaccine tyranny” in France,1,"['photo', 'shows', 'people', 'protesting', 'vaccine', 'tyranny', 'france']","[810, 455, 140, 1, 35, 1, 811]"
High fever in infants should be evaluated by a healthcare professional.,0,"['high', 'fever', 'infants', 'evaluated', 'healthcare', 'professional']","[109, 110, 594, 595, 37, 164]"
A vitamin drink works better than vaccines for general wellness. Please verify with dr.,1,"['vitamin', 'drink', 'works', 'better', 'vaccines', 'general', 'wellness', 'please', 'verify', 'dr']","[19, 5, 20, 21, 22, 23, 24, 57, 58, 231]"
Ignore chest pain and drink cold water to stop a heart attack. Share this with family.,1,"['ignore', 'chest', 'pain', 'drink', 'cold', 'water', 'stop', 'heart', 'attack', 'share', 'family']","[2, 3, 4, 5, 6, 7, 8, 9, 10, 94, 95]"
"#COVID19 cases are increasing, especially in the Southern, Midwestern, & Western regions of the U.S. The 7-day average of daily new cases is 13,859, up 10.8% from the week before. Get vaccinated to protect yourself & your community. More: https://bit.ly/36EDJQI",0,"['cases', 'increasing', 'especially', 'southern', 'midwestern', 'western', 'regions', 'us', 'day', 'average', 'daily', 'new', 'cases', 'week', 'get', 'vaccinated', 'protect', 'community']","[149, 431, 634, 1, 1, 1, 1, 117, 651, 803, 653, 134, 149, 308, 34, 142, 199, 511]"
Health tip: Positive thinking alone cures clinical depression. Please verify with doctor.,1,"['health', 'tip', 'positive', 'thinking', 'alone', 'cures', 'clinical', 'depression', 'please', 'verify', 'doctor']","[62, 111, 168, 232, 179, 72, 194, 101, 57, 58, 16]"
A vitamin drink works better than vaccines for general wellness.,1,"['vitamin', 'drink', 'works', 'better', 'vaccines', 'general', 'wellness']","[19, 5, 20, 21, 22, 23, 24]"
Do not take a baby with high fever to a doctor; use home oil massage.,1,"['take', 'baby', 'high', 'fever', 'doctor', 'use', 'home', 'oil', 'massage']","[15, 195, 109, 110, 16, 183, 196, 197, 198]"
Ignore chest pain and drink cold water to stop a heart attack.,1,"['ignore', 'chest', 'pain', 'drink', 'cold', 'water', 'stop', 'heart', 'attack']","[2, 3, 4, 5, 6, 7, 8, 9, 10]"
Hot water may kill coronavirus inside the throat. Context is unclear.,1,"['hot', 'water', 'may', 'kill', 'coronavirus', 'inside', 'throat', 'context', 'unclear']","[375, 7, 77, 376, 377, 378, 379, 25, 26]"
"A Centers for Disease Control and Prevention campaign says, “FACT: Refusing to take the vaccine is a form of racism since it harms people of color.”",1,"['centers', 'disease', 'control', 'prevention', 'campaign', 'says', 'fact', 'refusing', 'take', 'vaccine', 'form', 'racism', 'since', 'harms', 'people', 'color']","[781, 587, 180, 209, 1, 145, 1, 641, 15, 35, 816, 1, 419, 320, 140, 1]"
"Chemotherapy has side effects, so it should always be refused.",0,"['chemotherapy', 'side', 'effects', 'always', 'refused']","[47, 12, 13, 48, 49]"
"If you get a Pfizer-BioNTech or Moderna #COVID19 vaccine, you will need 2 shots for the most protection. For help scheduling your second shot, contact the location that set up your first appointment. Learn more: https://bit.ly/2RfAtaM.",0,"['get', 'pfizerbiontech', 'moderna', 'vaccine', 'need', 'shots', 'protection', 'help', 'scheduling', 'second', 'shot', 'contact', 'location', 'set', 'first', 'appointment', 'learn']","[34, 442, 360, 35, 288, 437, 438, 64, 1, 481, 263, 507, 748, 1, 443, 749, 66]"
"Vaccines can cause mild fever, so they are unsafe for everyone.",0,"['vaccines', 'cause', 'mild', 'fever', 'unsafe', 'everyone']","[22, 88, 345, 110, 291, 86]"
Skipping dinner is the best treatmnt for obesity in everyone!!! #health #viral,1,"['skipping', 'dinner', 'best', 'treatmnt', 'obesity', 'everyone']","[96, 97, 98, 755, 100, 86]"
"The White House plans to call for lockdowns due to the delta variant and is “aiming for late 2nd week of August, per WH official.”",1,"['white', 'house', 'plans', 'call', 'lockdowns', 'due', 'delta', 'variant', 'aiming', 'late', 'nd', 'week', 'august', 'per', 'wh', 'official']","[1, 1, 1, 1, 1, 625, 152, 153, 1, 1, 240, 308, 498, 1, 1, 1]"
"New @CDCMMWR shows that during the pandemic, the spread of many respiratory viruses decreased, but for some, activity is now increasing. #Flu may spread this fall & winter. Getting a #FluVax will be important to help slow the spread. More: https://bit.ly/7029a1",0,"['new', 'cdcmmwr', 'shows', 'pandemic', 'spread', 'many', 'respiratory', 'viruses', 'decreased', 'activity', 'increasing', 'may', 'spread', 'fall', 'winter', 'getting', 'important', 'help', 'slow', 'spread']","[134, 165, 455, 65, 158, 293, 452, 1, 1, 817, 431, 77, 158, 752, 1, 141, 469, 64, 645, 158]"
#DYK? More than half of adults in the United States have gotten their first dose of a #COVID19 vaccine. Get vaccinated as soon as you can so we can return to our way of life. Find a COVID-19 vaccine near you: https://bit.ly/3gqwYIO.,0,"['half', 'adults', 'united', 'states', 'gotten', 'first', 'dose', 'vaccine', 'get', 'vaccinated', 'soon', 'return', 'way', 'life', 'find', 'covid', 'vaccine', 'near']","[743, 136, 123, 124, 1, 443, 226, 35, 34, 142, 159, 341, 30, 61, 509, 59, 35, 818]"
"Funding to 64 health departments means a dramatic improvement to the safety and quality of U.S. health care during the #COVID19 pandemic & into the future. Detection, prevention & response like we’ve never been able to do before. https://bit.ly/2B-for-IPC ",0,"['funding', 'health', 'departments', 'means', 'dramatic', 'improvement', 'safety', 'quality', 'us', 'health', 'care', 'pandemic', 'future', 'detection', 'prevention', 'response', 'like', 'weve', 'never', 'able']","[757, 62, 709, 782, 1, 1, 138, 1, 117, 62, 130, 65, 784, 597, 209, 788, 364, 1, 222, 819]"
Do not take a baby with high fever to a doctor; use home oil massage.,1,"['take', 'baby', 'high', 'fever', 'doctor', 'use', 'home', 'oil', 'massage']","[15, 195, 109, 110, 16, 183, 196, 197, 198]"
Homemade oxygen device can help Covid-19 patients at home,1,"['homemade', 'oxygen', 'device', 'help', 'covid', 'patients', 'home']","[1, 606, 1, 64, 59, 181, 196]"
Ultrasound always harms the baby.,1,"['ultrasound', 'always', 'harms', 'baby']","[319, 48, 320, 195]"
Zero people are currently dying from COVID-19.,1,"['zero', 'people', 'currently', 'dying', 'covid']","[1, 140, 740, 618, 59]"
Says an NBC producer at the Olympics was caught on a hot mic saying “60% of people in this stadium will be dead within 10 days.”,1,"['says', 'nbc', 'producer', 'olympics', 'caught', 'hot', 'mic', 'saying', 'people', 'stadium', 'dead', 'within', 'days']","[145, 820, 675, 821, 676, 375, 677, 822, 140, 823, 532, 663, 239]"
Stop taking prescribed medicine and inhale steam to cure COVID completely.,1,"['stop', 'taking', 'prescribed', 'medicine', 'inhale', 'steam', 'cure', 'covid', 'completely']","[8, 41, 44, 244, 245, 246, 247, 59, 74]"
Poster with false claims about the effects of COVID-19 vaccines in children,1,"['poster', 'false', 'claims', 'effects', 'covid', 'vaccines', 'children']","[259, 696, 398, 13, 59, 22, 351]"
"A ""Liability Warning Acknowledgement Form"" allows a worker to sue their company if they get injured from the COVID-19 vaccine",1,"['liability', 'warning', 'acknowledgement', 'form', 'allows', 'worker', 'sue', 'company', 'get', 'injured', 'covid', 'vaccine']","[1, 1, 1, 816, 584, 1, 1, 399, 34, 531, 59, 35]"
Detox water removes all toxins from the body overnight. Please verify with doctor. This is based on personal experience.,1,"['detox', 'water', 'removes', 'toxins', 'body', 'overnight', 'please', 'verify', 'doctor', 'based', 'personal', 'experience']","[295, 7, 296, 297, 298, 299, 57, 58, 16, 466, 467, 468]"
"In a forum, a user wrote: Vaccines permanently damage fertility and should be avoided. No doctor needed.",1,"['forum', 'user', 'wrote', 'vaccines', 'permanently', 'damage', 'fertility', 'avoided', 'doctor', 'needed']","[82, 83, 84, 22, 191, 192, 193, 93, 16, 106]"
Health tip: High fever in infants should be evaluated by a healthcare professional.,0,"['health', 'tip', 'high', 'fever', 'infants', 'evaluated', 'healthcare', 'professional']","[62, 111, 109, 110, 594, 595, 37, 164]"
Lemon water prevents all cancer if taken every morning!!! Please verify with doctor!!! Context is unclear.,1,"['lemon', 'water', 'prevents', 'cancer', 'taken', 'every', 'morning', 'please', 'verify', 'doctor', 'context', 'unclear']","[372, 7, 126, 73, 373, 127, 374, 57, 58, 16, 25, 26]"
Use leftover antibiotics whenever you feel feverish. Please verify with doctor.,1,"['use', 'leftover', 'antibiotics', 'whenever', 'feel', 'feverish', 'please', 'verify', 'doctor']","[183, 184, 42, 185, 186, 187, 57, 58, 16]"
Recipients of the COVID-19 vaccine will die because the jab will cause antibody-dependent enhancement.,1,"['recipients', 'covid', 'vaccine', 'die', 'jab', 'cause', 'antibodydependent', 'enhancement']","[1, 59, 35, 554, 1, 88, 1, 1]"
Garlic water cures cancer completely without chemotherapy. Ask a clinician before acting.,1,"['garlic', 'water', 'cures', 'cancer', 'completely', 'without', 'chemotherapy', 'ask', 'clinician', 'acting']","[71, 7, 72, 73, 74, 75, 47, 268, 46, 269]"
Doctor said online: Use leftover antibiotics whenever you feel feverish.,1,"['doctor', 'said', 'online', 'use', 'leftover', 'antibiotics', 'whenever', 'feel', 'feverish']","[16, 17, 18, 183, 184, 42, 185, 186, 187]"
Regular monitoring of blood glucose helps diabetes management. Please verify with doctor.,0,"['regular', 'monitoring', 'blood', 'glucose', 'helps', 'diabetes', 'management', 'please', 'verify', 'doctor']","[50, 51, 52, 53, 54, 55, 56, 57, 58, 16]"
All vaccines against COVID-19 cause thrombosis and are dangerous for health,1,"['vaccines', 'covid', 'cause', 'thrombosis', 'dangerous', 'health']","[22, 59, 88, 805, 526, 62]"
"Authorized #COVID19 vaccines are effective at preventing COVID-19, but no vaccine prevents illness 100% of the time. A small percentage of fully vaccinated people may get COVID-19, but vaccines can keep you from getting very ill if you're infected. More: https://bit.ly/2QL0XAC ",0,"['authorized', 'vaccines', 'effective', 'preventing', 'covid', 'vaccine', 'prevents', 'illness', 'time', 'small', 'percentage', 'fully', 'vaccinated', 'people', 'may', 'get', 'covid', 'vaccines', 'keep', 'getting', 'ill', 'youre', 'infected']","[741, 22, 433, 765, 59, 35, 126, 241, 33, 1, 802, 227, 142, 140, 77, 34, 59, 22, 451, 141, 202, 40, 287]"
Vaccines permanently damage fertility and should be avoided!!!,1,"['vaccines', 'permanently', 'damage', 'fertility', 'avoided']","[22, 191, 192, 193, 93]"
Detox water removes all toxins from the body overnight.,1,"['detox', 'water', 'removes', 'toxins', 'body', 'overnight']","[295, 7, 296, 297, 298, 299]"
Positive thinking alone cures clinical depression.,1,"['positive', 'thinking', 'alone', 'cures', 'clinical', 'depression']","[168, 232, 179, 72, 194, 101]"
Some people with disabilities and certain underlying health conditions are at higher risk for #COVID19. Learn how a health equity project is providing critical information to people more likely to get sick from COVID-19: https://bit.ly/3uHcmQk.,0,"['people', 'disabilities', 'certain', 'underlying', 'health', 'conditions', 'higher', 'risk', 'learn', 'health', 'equity', 'project', 'providing', 'critical', 'information', 'people', 'likely', 'get', 'sick', 'covid']","[140, 499, 1, 824, 62, 176, 173, 471, 66, 62, 557, 825, 1, 404, 143, 140, 200, 34, 501, 59]"
"Breaking health advice: Chemotherapy has side effects, so it should always be refused.",0,"['breaking', 'health', 'advice', 'chemotherapy', 'side', 'effects', 'always', 'refused']","[115, 62, 221, 47, 12, 13, 48, 49]"
Hot water may kill coronavirus inside the throat. Please verify with doctor.,1,"['hot', 'water', 'may', 'kill', 'coronavirus', 'inside', 'throat', 'please', 'verify', 'doctor']","[375, 7, 77, 376, 377, 378, 379, 57, 58, 16]"
Early cancer screening can improve treatment outcomes. Please verify with doctor.,0,"['early', 'cancer', 'screening', 'improve', 'treatment', 'outcomes', 'please', 'verify', 'doctor']","[276, 73, 277, 278, 99, 279, 57, 58, 16]"
Breaking health advice: Stop insulin and use bitter melon juice instead. No doctor needed.,1,"['breaking', 'health', 'advice', 'stop', 'insulin', 'use', 'bitter', 'melon', 'juice', 'instead', 'doctor', 'needed']","[115, 62, 221, 8, 367, 183, 368, 369, 370, 371, 16, 106]"
FDA announced that the CDC’s PCR test for COVID-19 has failed its full review.,1,"['fda', 'announced', 'cdcs', 'pcr', 'test', 'covid', 'failed', 'full', 'review']","[332, 333, 146, 316, 87, 59, 334, 237, 335]"
Garlic water cures cancer completely without chemotherapy. Source not verified.,1,"['garlic', 'water', 'cures', 'cancer', 'completely', 'without', 'chemotherapy', 'source', 'verified']","[71, 7, 72, 73, 74, 75, 47, 257, 258]"
Someone claimed: Stop insulin and use bitter melon juice instead.,1,"['someone', 'claimed', 'stop', 'insulin', 'use', 'bitter', 'melon', 'juice', 'instead']","[229, 230, 8, 367, 183, 368, 369, 370, 371]"
"Millions of people, including pregnant people, have safely received #COVID19 vaccines. Pregnant people are more likely to get severely ill from COVID-19, & pregnant people with COVID-19 are more likely to have preterm births & other complications. More: https://bit.ly/2WWh9hT ",0,"['millions', 'people', 'including', 'pregnant', 'people', 'safely', 'received', 'vaccines', 'pregnant', 'people', 'likely', 'get', 'severely', 'ill', 'covid', 'pregnant', 'people', 'covid', 'likely', 'preterm', 'births', 'complications']","[1, 140, 559, 265, 140, 1, 225, 22, 265, 140, 200, 34, 201, 202, 59, 265, 140, 59, 200, 1, 1, 1]"
Stop taking prescribed medicin and inhale steam to cure COVID completly. Please verify with doctor. Share this with family. #health #viral,1,"['stop', 'taking', 'prescribed', 'medicin', 'inhale', 'steam', 'cure', 'covid', 'completly', 'please', 'verify', 'doctor', 'share', 'family']","[8, 41, 44, 1, 245, 246, 247, 59, 256, 57, 58, 16, 94, 95]"
"U.S. #COVID19 cases are increasing and community transmission is high. The 7-day average of daily new cases is 146,182. This is 6.1% higher than the previous week. Get vaccinated. Learn more: https://bit.ly/3jKQUYh.",0,"['us', 'cases', 'increasing', 'community', 'transmission', 'high', 'day', 'average', 'daily', 'new', 'cases', 'higher', 'previous', 'week', 'get', 'vaccinated', 'learn']","[117, 149, 431, 511, 707, 109, 651, 803, 653, 134, 149, 173, 706, 308, 34, 142, 66]"
"Insulin may cause low blood sugar, so patients should avoid it!!!",0,"['insulin', 'may', 'cause', 'low', 'blood', 'sugar', 'patients', 'avoid']","[367, 77, 88, 386, 52, 89, 181, 266]"
Pregnant people should avoid all vaccines and checkups. Please verify with doctor.,1,"['pregnant', 'people', 'avoid', 'vaccines', 'checkups', 'please', 'verify', 'doctor']","[265, 140, 266, 22, 267, 57, 58, 16]"
Prenatal care helps monitor maternal and fetal health.,0,"['prenatal', 'care', 'helps', 'monitor', 'maternal', 'fetal', 'health']","[129, 130, 54, 131, 132, 133, 62]"
"Immunity takes time, but not too much time! You're considered fully vaccinated 2 weeks after getting your final dose of a COVID-19 vaccine. Learn more at http://vaccines.gov.",0,"['immunity', 'takes', 'time', 'much', 'time', 'youre', 'considered', 'fully', 'vaccinated', 'weeks', 'getting', 'final', 'dose', 'covid', 'vaccine', 'learn']","[711, 712, 33, 705, 33, 40, 713, 227, 142, 414, 141, 714, 226, 59, 35, 66]"
"Doctor said online: Antibiotics can cause side effects, so patients should never use them. Many people are talking about this.",0,"['doctor', 'said', 'online', 'antibiotics', 'cause', 'side', 'effects', 'patients', 'never', 'use', 'many', 'people', 'talking']","[16, 17, 18, 42, 88, 12, 13, 181, 222, 183, 293, 140, 294]"
Early cancer screening can improve treatment outcomes. #health #viral,0,"['early', 'cancer', 'screening', 'improve', 'treatment', 'outcomes']","[276, 73, 277, 278, 99, 279]"
"Chemotherapy has side effects, so it shud always be refused. Please verify with dr.",0,"['chemotherapy', 'side', 'effects', 'shud', 'always', 'refused', 'please', 'verify', 'dr']","[47, 12, 13, 273, 48, 49, 57, 58, 231]"
Early cancer screening can improve treatment outcomes. Context is unclear.,0,"['early', 'cancer', 'screening', 'improve', 'treatment', 'outcomes', 'context', 'unclear']","[276, 73, 277, 278, 99, 279, 25, 26]"
Lemon water prevents all cancer if taken every morning. Context is unclear.,1,"['lemon', 'water', 'prevents', 'cancer', 'taken', 'every', 'morning', 'context', 'unclear']","[372, 7, 126, 73, 373, 127, 374, 25, 26]"
Lemon water prevents all cancer if taken every morning.,1,"['lemon', 'water', 'prevents', 'cancer', 'taken', 'every', 'morning']","[372, 7, 126, 73, 373, 127, 374]"
High fever in infants should be evaluated by a healthcare professional. #health #viral,0,"['high', 'fever', 'infants', 'evaluated', 'healthcare', 'professional']","[109, 110, 594, 595, 37, 164]"
High fever in infants should be evaluated by a healthcare professional.,0,"['high', 'fever', 'infants', 'evaluated', 'healthcare', 'professional']","[109, 110, 594, 595, 37, 164]"
Ultrasound always harms the baby.,1,"['ultrasound', 'always', 'harms', 'baby']","[319, 48, 320, 195]"
Vaccination against COVID-19 redoubles coronary disease,1,"['vaccination', 'covid', 'redoubles', 'coronary', 'disease']","[122, 59, 1, 1, 587]"
It’s important for everyone to use all the tools available to help stop this pandemic as we learn more about how #COVID19 vaccines work in real-world conditions. Continue to wear a mask and stay at least 6 feet away from others. Learn more: bit.ly/3bTltG3.,0,"['important', 'everyone', 'use', 'tools', 'available', 'help', 'stop', 'pandemic', 'learn', 'vaccines', 'work', 'realworld', 'conditions', 'continue', 'wear', 'mask', 'stay', 'least', 'feet', 'away', 'others', 'learn', 'bitlybtltg']","[469, 86, 183, 612, 503, 64, 8, 65, 66, 22, 797, 234, 176, 446, 447, 388, 495, 170, 799, 662, 450, 66, 1]"
"#COVID19 vaccines used in the US help protect against all known variants, including Mu and Delta. Get vaccinated: http://vaccines.gov ",0,"['vaccines', 'used', 'us', 'help', 'protect', 'known', 'variants', 'including', 'mu', 'delta', 'get', 'vaccinated']","[22, 43, 117, 64, 199, 686, 157, 559, 1, 152, 34, 142]"
A viral post says: Vaccines help the immune system recognize infections. Please verify with doctor. Share this with family.,0,"['viral', 'post', 'says', 'vaccines', 'help', 'immune', 'system', 'recognize', 'infections', 'please', 'verify', 'doctor', 'share', 'family']","[220, 344, 145, 22, 64, 182, 352, 353, 150, 57, 58, 16, 94, 95]"
"If you’re not fully vaccinated, protect yourself and others while exercising: Athletic activities should be done outdoors when possible. Wear a mask outdoors when in crowded settings or during close-contact vigorous activity, like playing sports. More: https://bit.ly/3mKHutV.",0,"['youre', 'fully', 'vaccinated', 'protect', 'others', 'exercising', 'athletic', 'activities', 'done', 'outdoors', 'possible', 'wear', 'mask', 'outdoors', 'crowded', 'settings', 'closecontact', 'vigorous', 'activity', 'like', 'playing', 'sports']","[40, 227, 142, 199, 450, 1, 1, 798, 791, 826, 738, 447, 388, 826, 601, 622, 1, 1, 817, 364, 1, 621]"
"At least 15% of Navajo Nation homes lack in-house running water, making it more difficult for these residents to get enough safe water for activities needed to prevent #COVID19. Read about the Navajo Nation Water Access Project: https://bit.ly/3uHcmQk ",0,"['least', 'navajo', 'nation', 'homes', 'lack', 'inhouse', 'running', 'water', 'making', 'difficult', 'residents', 'get', 'enough', 'safe', 'water', 'activities', 'needed', 'prevent', 'read', 'navajo', 'nation', 'water', 'access', 'project']","[170, 827, 828, 1, 1, 1, 1, 7, 807, 742, 812, 34, 317, 395, 7, 798, 106, 394, 260, 827, 828, 7, 558, 825]"
Older adults are at high risk for severe #COVID19. COVID-NET data show that rates of COVID-19-associated hospitalizations in adults ages 65+ are rising for the first time since April. Get vaccinated as soon as you can. More: https://bit.ly/3iGn7xM.,0,"['older', 'adults', 'high', 'risk', 'severe', 'covidnet', 'data', 'show', 'rates', 'covidassociated', 'hospitalizations', 'adults', 'ages', 'rising', 'first', 'time', 'since', 'april', 'get', 'vaccinated', 'soon']","[174, 136, 109, 471, 76, 454, 324, 236, 172, 1, 586, 136, 517, 523, 443, 33, 419, 1, 34, 142, 159]"
"The Pfizer COVID-19 vaccine is ""99% graphene oxide,"" which is ""toxic to the human body and causes a number of problems.",1,"['pfizer', 'covid', 'vaccine', 'graphene', 'oxide', 'toxic', 'human', 'body', 'causes', 'number', 'problems']","[637, 59, 35, 544, 545, 814, 361, 298, 108, 312, 785]"
Regular monitoring of blood glucose helps diabetes management. Please verify with doctor.,0,"['regular', 'monitoring', 'blood', 'glucose', 'helps', 'diabetes', 'management', 'please', 'verify', 'doctor']","[50, 51, 52, 53, 54, 55, 56, 57, 58, 16]"
"A new @CDCMMWR finds portable, high-efficiency particulate air (HEPA) cleaners can reduce airborne particles and, along with universal masking, could offer greater protection from #COVID19. Learn more: http://bit.ly/MMWR7221.",0,"['new', 'cdcmmwr', 'finds', 'portable', 'highefficiency', 'particulate', 'air', 'hepa', 'cleaners', 'reduce', 'airborne', 'particles', 'along', 'universal', 'masking', 'could', 'offer', 'greater', 'protection', 'learn']","[134, 165, 166, 1, 1, 1, 691, 1, 829, 326, 1, 1, 551, 121, 599, 144, 479, 1, 438, 66]"
The COVID delta variant is so deadly Biden is restricting travel for Americans into Mexico but is keeping the border open for illegal aliens to walk into our country.,1,"['covid', 'delta', 'variant', 'deadly', 'biden', 'restricting', 'travel', 'americans', 'mexico', 'keeping', 'border', 'open', 'illegal', 'aliens', 'walk', 'country']","[59, 152, 153, 1, 329, 1, 756, 671, 1, 602, 1, 1, 1, 1, 1, 722]"
Doctor said online: Pregnant people should avoid all vaccines and checkups. Please verify with doctor. Context is unclear.,1,"['doctor', 'said', 'online', 'pregnant', 'people', 'avoid', 'vaccines', 'checkups', 'please', 'verify', 'doctor', 'context', 'unclear']","[16, 17, 18, 265, 140, 266, 22, 267, 57, 58, 16, 25, 26]"
Someone claimed: Skipping dinner is the best treatment for obesity in everyone.,1,"['someone', 'claimed', 'skipping', 'dinner', 'best', 'treatment', 'obesity', 'everyone']","[229, 230, 96, 97, 98, 99, 100, 86]"
Breaking health advice: Do not take a baby with high fever to a doctor; use home oil massage.,1,"['breaking', 'health', 'advice', 'take', 'baby', 'high', 'fever', 'doctor', 'use', 'home', 'oil', 'massage']","[115, 62, 221, 15, 195, 109, 110, 16, 183, 196, 197, 198]"
"Chemotherapy has side effects, so it should always be refused. Source not verified.",0,"['chemotherapy', 'side', 'effects', 'always', 'refused', 'source', 'verified']","[47, 12, 13, 48, 49, 257, 258]"
Early cancer screening can improve treatmnt outcomes!!! Please verify with doctor!!!,0,"['early', 'cancer', 'screening', 'improve', 'treatmnt', 'outcomes', 'please', 'verify', 'doctor']","[276, 73, 277, 278, 755, 279, 57, 58, 16]"
Suicidal thoughts require immediate support and professional help!!!,0,"['suicidal', 'thoughts', 'require', 'immediate', 'support', 'professional', 'help']","[160, 161, 78, 162, 163, 164, 64]"
Cinnamon alone can control blood sugar in all diabetes patients. Source not verified. Context is unclear.,1,"['cinnamon', 'alone', 'control', 'blood', 'sugar', 'diabetes', 'patients', 'source', 'verified', 'context', 'unclear']","[178, 179, 180, 52, 89, 55, 181, 257, 258, 25, 26]"
Hot water may kill coronavirus inside the throat.,1,"['hot', 'water', 'may', 'kill', 'coronavirus', 'inside', 'throat']","[375, 7, 77, 376, 377, 378, 379]"
Recommended childhood vaccinations are an important part of children’s safe return to school. Check with your child’s doctor to make sure they’re protected against vaccine-preventable diseases. https://bit.ly/3qDADEG #VaccinesWork,0,"['recommended', 'childhood', 'vaccinations', 'important', 'part', 'childrens', 'safe', 'return', 'school', 'check', 'childs', 'doctor', 'make', 'sure', 'theyre', 'protected', 'vaccinepreventable', 'diseases']","[292, 218, 285, 469, 63, 733, 395, 341, 491, 734, 735, 16, 732, 736, 688, 575, 737, 710]"
Antibiotics should be used as prescribed by a qualified clinician. This is based on personal experience.,0,"['antibiotics', 'used', 'prescribed', 'qualified', 'clinician', 'based', 'personal', 'experience']","[42, 43, 44, 45, 46, 466, 467, 468]"
Someone claimed: Depression can be cured by stopping all psychiatric medication. Please verify with doctor.,1,"['someone', 'claimed', 'depression', 'cured', 'stopping', 'psychiatric', 'medication', 'please', 'verify', 'doctor']","[229, 230, 101, 102, 103, 104, 105, 57, 58, 16]"
"Breaking health advice: Chemotherapy has side effects, so it should always be refused!!!",0,"['breaking', 'health', 'advice', 'chemotherapy', 'side', 'effects', 'always', 'refused']","[115, 62, 221, 47, 12, 13, 48, 49]"
"Sugar contributes calories, so fruit should be completly avoided. Many people are talking about this.",0,"['sugar', 'contributes', 'calories', 'fruit', 'completly', 'avoided', 'many', 'people', 'talking']","[89, 90, 91, 92, 256, 93, 293, 140, 294]"
"A graph from Vaccine Adverse Event Reporting System (VAERS) published on July 30, 2021 reveals that 12,366 people died upon receiving COVID-19 jabs. Most of the reported deaths were Pfizer-vaccinated and males.",1,"['graph', 'vaccine', 'adverse', 'event', 'reporting', 'system', 'vaers', 'published', 'july', 'reveals', 'people', 'died', 'upon', 'receiving', 'covid', 'jabs', 'reported', 'deaths', 'pfizervaccinated', 'males']","[1, 35, 809, 300, 327, 352, 1, 638, 223, 764, 140, 428, 1, 665, 59, 1, 169, 307, 1, 1]"
"Insulin may cause low blood sugar, so patients should avoid it. Context is unclear.",0,"['insulin', 'may', 'cause', 'low', 'blood', 'sugar', 'patients', 'avoid', 'context', 'unclear']","[367, 77, 88, 386, 52, 89, 181, 266, 25, 26]"
High fever in infants should be evaluated by a healthcare professional.,0,"['high', 'fever', 'infants', 'evaluated', 'healthcare', 'professional']","[109, 110, 594, 595, 37, 164]"
Positive thinking alone cures clinical depression.,1,"['positive', 'thinking', 'alone', 'cures', 'clinical', 'depression']","[168, 232, 179, 72, 194, 101]"
"Vaccine-induced mortality in children is 50 times higher than that of COVID-19. The number of vaccine deaths in the first half of 2021 exceeds 5,000, although the vaccine tests on children is still ongoing",1,"['vaccineinduced', 'mortality', 'children', 'times', 'higher', 'covid', 'number', 'vaccine', 'deaths', 'first', 'half', 'exceeds', 'although', 'vaccine', 'tests', 'children', 'still', 'ongoing']","[1, 830, 351, 408, 173, 59, 312, 35, 307, 443, 743, 1, 1, 35, 607, 351, 203, 1]"
Health tip: Vaccines help the immune system recognize infections. Please verify with dr. Context is unclear.,0,"['health', 'tip', 'vaccines', 'help', 'immune', 'system', 'recognize', 'infections', 'please', 'verify', 'dr', 'context', 'unclear']","[62, 111, 22, 64, 182, 352, 353, 150, 57, 58, 231, 25, 26]"
Doctor said online: Stop insulin and use bitter melon juice instead!!!,1,"['doctor', 'said', 'online', 'stop', 'insulin', 'use', 'bitter', 'melon', 'juice', 'instead']","[16, 17, 18, 8, 367, 183, 368, 369, 370, 371]"
"The weekly #COVID19 vaccination rate was lower among younger adults and has slowed for all ages in recent weeks. Efforts are needed to improve vaccination coverage for all ages, especially groups with lower uptake, such as younger adults. More @CDCMMWR : http://bit.ly/MMWR61821.",0,"['weekly', 'vaccination', 'rate', 'lower', 'among', 'younger', 'adults', 'slowed', 'ages', 'recent', 'weeks', 'efforts', 'needed', 'improve', 'vaccination', 'coverage', 'ages', 'especially', 'groups', 'lower', 'uptake', 'younger', 'adults', 'cdcmmwr']","[1, 122, 725, 592, 151, 591, 136, 1, 517, 233, 414, 831, 106, 278, 122, 758, 517, 634, 555, 592, 1, 591, 136, 165]"
Stop taking prescribed medicine and inhale steam to cure COVID completely!!!,1,"['stop', 'taking', 'prescribed', 'medicine', 'inhale', 'steam', 'cure', 'covid', 'completely']","[8, 41, 44, 244, 245, 246, 247, 59, 74]"
"A viral post says: Insulin may cause low blood sugar, so patients should avoid it.",0,"['viral', 'post', 'says', 'insulin', 'may', 'cause', 'low', 'blood', 'sugar', 'patients', 'avoid']","[220, 344, 145, 367, 77, 88, 386, 52, 89, 181, 266]"
"Some medications are risky in pregnancy, so all medicines must be stopped!!! Please verify with doctor!!! No doctor needed!!!",0,"['medications', 'risky', 'pregnancy', 'medicines', 'must', 'stopped', 'please', 'verify', 'doctor', 'doctor', 'needed']","[39, 67, 68, 31, 69, 70, 57, 58, 16, 16, 106]"
Germany terminated all COVID-19 vaccines saying they were unsafe.,1,"['germany', 'terminated', 'covid', 'vaccines', 'saying', 'unsafe']","[290, 1, 59, 22, 822, 291]"
"Exercise improves heart health, so medication is never needed.",0,"['exercise', 'improves', 'heart', 'health', 'medication', 'never', 'needed']","[623, 624, 9, 62, 105, 222, 106]"
"You should get tested for #COVID19 if you have symptoms or you've been exposed to someone with COVID-19, even if you're fully vaccinated. Find a testing location near you: https://bit.ly/3gmWGhp.",0,"['get', 'tested', 'symptoms', 'youve', 'exposed', 'someone', 'covid', 'even', 'youre', 'fully', 'vaccinated', 'find', 'testing', 'location', 'near']","[34, 167, 255, 1, 289, 229, 59, 493, 40, 227, 142, 509, 314, 748, 818]"
A viral post says: Prenatal care helps monitor maternal and fetal health. #health #viral,0,"['viral', 'post', 'says', 'prenatal', 'care', 'helps', 'monitor', 'maternal', 'fetal', 'health']","[220, 344, 145, 129, 130, 54, 131, 132, 133, 62]"
Garlic water cures cancer completely without chemotherapy. This may not apply to everyone.,1,"['garlic', 'water', 'cures', 'cancer', 'completely', 'without', 'chemotherapy', 'may', 'apply', 'everyone']","[71, 7, 72, 73, 74, 75, 47, 77, 85, 86]"
"The virus that causes #COVID19 can change quickly and often, producing new types of the virus, or variants. Delta is still the most common variant in the U.S. Get vaccinated to help prevent new variants from emerging. More: http://bit.ly/CDTweeklyreview",0,"['virus', 'causes', 'change', 'quickly', 'often', 'producing', 'new', 'types', 'virus', 'variants', 'delta', 'still', 'common', 'variant', 'us', 'get', 'vaccinated', 'help', 'prevent', 'new', 'variants', 'emerging']","[281, 108, 510, 793, 497, 1, 134, 1, 281, 157, 152, 203, 139, 153, 117, 34, 142, 64, 394, 134, 157, 1]"
Ignore chest pain and drink cold water to stop a heart attack.,1,"['ignore', 'chest', 'pain', 'drink', 'cold', 'water', 'stop', 'heart', 'attack']","[2, 3, 4, 5, 6, 7, 8, 9, 10]"
A vitamin drink works better than vaccines for general wellness!!! Context is unclear.,1,"['vitamin', 'drink', 'works', 'better', 'vaccines', 'general', 'wellness', 'context', 'unclear']","[19, 5, 20, 21, 22, 23, 24, 25, 26]"
"Most childhood fevers are viral, so medical advice is never needed. Please verify with doctor. Ask a clinician before acting. Context is unclear.",0,"['childhood', 'fevers', 'viral', 'medical', 'advice', 'never', 'needed', 'please', 'verify', 'doctor', 'ask', 'clinician', 'acting', 'context', 'unclear']","[218, 219, 220, 80, 221, 222, 106, 57, 58, 16, 268, 46, 269, 25, 26]"
Garlic water cures cancer completely without chemotherapy!!! #health #viral,1,"['garlic', 'water', 'cures', 'cancer', 'completely', 'without', 'chemotherapy']","[71, 7, 72, 73, 74, 75, 47]"
Someone claimed: Antibiotics should be used as prescribed by a qualified clinician. Context is unclear.,0,"['someone', 'claimed', 'antibiotics', 'used', 'prescribed', 'qualified', 'clinician', 'context', 'unclear']","[229, 230, 42, 43, 44, 45, 46, 25, 26]"
Health tip: Ignore chest pain and drink cold water to stop a heart attack. Please verify with doctor.,1,"['health', 'tip', 'ignore', 'chest', 'pain', 'drink', 'cold', 'water', 'stop', 'heart', 'attack', 'please', 'verify', 'doctor']","[62, 111, 2, 3, 4, 5, 6, 7, 8, 9, 10, 57, 58, 16]"
"#HCPs: Due to the COVID-19 pandemic, there has been a decline in well-child visits & routine childhood vaccinations. To prevent vaccine-preventable diseases, assess the status of all patients to ensure they're caught up on their routine vaccinations. More: https://bit.ly/3xTIjXy",0,"['due', 'covid', 'pandemic', 'decline', 'wellchild', 'visits', 'routine', 'childhood', 'vaccinations', 'prevent', 'vaccinepreventable', 'diseases', 'assess', 'status', 'patients', 'ensure', 'theyre', 'caught', 'routine', 'vaccinations']","[625, 59, 65, 1, 1, 1, 832, 218, 285, 394, 737, 710, 1, 1, 181, 789, 688, 676, 832, 285]"
Vaccines help the immune system recognize infections.,0,"['vaccines', 'help', 'immune', 'system', 'recognize', 'infections']","[22, 64, 182, 352, 353, 150]"
"""Big News-CDC withdraws PCR test from FDA EUA. It’s inability to differentiate Covid from Influenza was #1 reason.""",1,"['big', 'newscdc', 'withdraws', 'pcr', 'test', 'fda', 'eua', 'inability', 'differentiate', 'covid', 'influenza', 'reason']","[1, 1, 1, 316, 87, 332, 833, 1, 834, 59, 189, 1]"
Aspirin prevents every heart attack for every adult. Please verify with doctor.,1,"['aspirin', 'prevents', 'every', 'heart', 'attack', 'every', 'adult', 'please', 'verify', 'doctor']","[125, 126, 127, 9, 10, 127, 128, 57, 58, 16]"
Someone claimed: Do not take a baby with high fever to a doctor; use home oil massage.,1,"['someone', 'claimed', 'take', 'baby', 'high', 'fever', 'doctor', 'use', 'home', 'oil', 'massage']","[229, 230, 15, 195, 109, 110, 16, 183, 196, 197, 198]"
Hot water may kill coronavirus inside the throat. #health #viral,1,"['hot', 'water', 'may', 'kill', 'coronavirus', 'inside', 'throat']","[375, 7, 77, 376, 377, 378, 379]"
Pregnant people should avoid all vaccines and checkups. Please verify with doctor.,1,"['pregnant', 'people', 'avoid', 'vaccines', 'checkups', 'please', 'verify', 'doctor']","[265, 140, 266, 22, 267, 57, 58, 16]"
Do not take a baby with high fever to a doctor; use home oil massage.,1,"['take', 'baby', 'high', 'fever', 'doctor', 'use', 'home', 'oil', 'massage']","[15, 195, 109, 110, 16, 183, 196, 197, 198]"
Aspirin prevents every heart attack for every adult. Context is unclear.,1,"['aspirin', 'prevents', 'every', 'heart', 'attack', 'every', 'adult', 'context', 'unclear']","[125, 126, 127, 9, 10, 127, 128, 25, 26]"
"A CDC study shows mRNA #COVID19 vaccines reduce risk of infection by 91%. If you are vaccinated & still get COVID-19, there are other benefits of vaccination, like fewer sick days & reduced risk of symptoms like fever or chills. More: https://bit.ly/3hK1YCL.",0,"['cdc', 'study', 'shows', 'mrna', 'vaccines', 'reduce', 'risk', 'infection', 'vaccinated', 'still', 'get', 'covid', 'benefits', 'vaccination', 'like', 'fewer', 'sick', 'days', 'reduced', 'risk', 'symptoms', 'like', 'fever', 'chills']","[27, 321, 455, 238, 22, 326, 471, 359, 142, 203, 34, 59, 513, 122, 364, 631, 501, 239, 835, 471, 255, 364, 110, 1]"
"Health tip: Antidepressants can have side effects, so nobody should take them.",0,"['health', 'tip', 'antidepressants', 'side', 'effects', 'nobody', 'take']","[62, 111, 11, 12, 13, 14, 15]"
"Some medications are risky in pregnancy, so all medicines must be stopped.",0,"['medications', 'risky', 'pregnancy', 'medicines', 'must', 'stopped']","[39, 67, 68, 31, 69, 70]"
Breaking health advice: A balanced diet supports general health.,0,"['breaking', 'health', 'advice', 'balanced', 'diet', 'supports', 'general', 'health']","[115, 62, 221, 112, 113, 114, 23, 62]"
Vaccines help the immune system recognize infections. Please verify with doctor. Context is unclear.,0,"['vaccines', 'help', 'immune', 'system', 'recognize', 'infections', 'please', 'verify', 'doctor', 'context', 'unclear']","[22, 64, 182, 352, 353, 150, 57, 58, 16, 25, 26]"
"Most childhood fevers are viral, so medical advice is never needed!!!",0,"['childhood', 'fevers', 'viral', 'medical', 'advice', 'never', 'needed']","[218, 219, 220, 80, 221, 222, 106]"
Severe chest pain may require urgent medical attention.,0,"['severe', 'chest', 'pain', 'may', 'require', 'urgent', 'medical', 'attention']","[76, 3, 4, 77, 78, 79, 80, 81]"
#?????????????? ?????????????????????? ???????????? More than 85.42 Cr vaccine doses provided to States/UTs. More than 4.57 Cr doses still available with States/UTs to be administered. Over 83.80 Lakh doses are in pipeline. https://pib.gov.in/PressReleasePage.aspx?PRID=1759129,0,"['cr', 'vaccine', 'doses', 'provided', 'statesuts', 'cr', 'doses', 'still', 'available', 'statesuts', 'administered', 'lakh', 'doses', 'pipeline']","[836, 35, 243, 459, 837, 836, 243, 203, 503, 837, 406, 790, 243, 1]"
Vaccines help the immune system recognize infections!!!,0,"['vaccines', 'help', 'immune', 'system', 'recognize', 'infections']","[22, 64, 182, 352, 353, 150]"
Ignore chest pain and drink cold water to stop a heart attack. Please verify with doctor.,1,"['ignore', 'chest', 'pain', 'drink', 'cold', 'water', 'stop', 'heart', 'attack', 'please', 'verify', 'doctor']","[2, 3, 4, 5, 6, 7, 8, 9, 10, 57, 58, 16]"
Pregnant people should avoid all vaccines and checkups. Please verify with doctor. No doctor needed.,1,"['pregnant', 'people', 'avoid', 'vaccines', 'checkups', 'please', 'verify', 'doctor', 'doctor', 'needed']","[265, 140, 266, 22, 267, 57, 58, 16, 16, 106]"
"Most childhood fevers are viral, so medical advice is never needed.",0,"['childhood', 'fevers', 'viral', 'medical', 'advice', 'never', 'needed']","[218, 219, 220, 80, 221, 222, 106]"
"Some medications are risky in pregnancy, so all medicines must be stopped.",0,"['medications', 'risky', 'pregnancy', 'medicines', 'must', 'stopped']","[39, 67, 68, 31, 69, 70]"
"Getting only one dose of an mRNA #COVID19 vaccine may offer some protection against COVID-19, but two doses are needed to get the most protection. It’s best to get all recommended doses. More: https://bit.ly/39KCHEh",0,"['getting', 'one', 'dose', 'mrna', 'vaccine', 'may', 'offer', 'protection', 'covid', 'two', 'doses', 'needed', 'get', 'protection', 'best', 'get', 'recommended', 'doses']","[141, 214, 226, 238, 35, 77, 479, 438, 59, 478, 243, 106, 34, 438, 98, 34, 292, 243]"
"A 13-year-old girl ""is now in critical care in the hospital here in Halifax because her heart stopped right after she had a vaccine.""",1,"['yearold', 'girl', 'critical', 'care', 'hospital', 'halifax', 'heart', 'stopped', 'right', 'vaccine']","[1, 1, 404, 130, 590, 1, 9, 70, 647, 35]"
"#COVID19 cases, hospitalizations, and deaths are going up. This is due, in part, to the spread of the B.1.617.2 (Delta) variant, accounting for more than 80% of COVID-19 cases. Vaccines are our most effective tools against COVID-19. More: http://bit.ly/CDTweeklyreview.",0,"['cases', 'hospitalizations', 'deaths', 'going', 'due', 'part', 'spread', 'b', 'delta', 'variant', 'accounting', 'covid', 'cases', 'vaccines', 'effective', 'tools', 'covid']","[149, 586, 307, 626, 625, 63, 158, 766, 152, 153, 838, 59, 149, 22, 433, 612, 59]"
Skipping dinner is the best treatment for obesity in everyone. Please verify with doctor.,1,"['skipping', 'dinner', 'best', 'treatment', 'obesity', 'everyone', 'please', 'verify', 'doctor']","[96, 97, 98, 99, 100, 86, 57, 58, 16]"
"Some medications are risky in pregnancy, so all medicines must be stopped. Context is unclear.",0,"['medications', 'risky', 'pregnancy', 'medicines', 'must', 'stopped', 'context', 'unclear']","[39, 67, 68, 31, 69, 70, 25, 26]"
Hot water may kill coronavirus inside the throat. This is based on personal experience.,1,"['hot', 'water', 'may', 'kill', 'coronavirus', 'inside', 'throat', 'based', 'personal', 'experience']","[375, 7, 77, 376, 377, 378, 379, 466, 467, 468]"
Prenatal care helps monitor maternal and fetal health.,0,"['prenatal', 'care', 'helps', 'monitor', 'maternal', 'fetal', 'health']","[129, 130, 54, 131, 132, 133, 62]"
Someone claimed: Do not take a baby with high fever to a doctor; use home oil massage. Please verify with doctor. Context is unclear.,1,"['someone', 'claimed', 'take', 'baby', 'high', 'fever', 'doctor', 'use', 'home', 'oil', 'massage', 'please', 'verify', 'doctor', 'context', 'unclear']","[229, 230, 15, 195, 109, 110, 16, 183, 196, 197, 198, 57, 58, 16, 25, 26]"
"#COVID19 vaccination will help protect you from getting COVID-19. You may have some side effects, like pain or redness where you got the shot, or tiredness. These are normal signs that your body is building protection and should go away within a few days. https://bit.ly/38AqxNA.",0,"['vaccination', 'help', 'protect', 'getting', 'covid', 'may', 'side', 'effects', 'like', 'pain', 'redness', 'got', 'shot', 'tiredness', 'normal', 'signs', 'body', 'building', 'protection', 'go', 'away', 'within', 'days']","[122, 64, 199, 141, 59, 77, 12, 13, 364, 4, 655, 656, 263, 657, 658, 659, 298, 660, 438, 661, 662, 663, 239]"
Forwarded message: Skipping dinner is the best treatmnt for obesity in everyone!!!,1,"['forwarded', 'message', 'skipping', 'dinner', 'best', 'treatmnt', 'obesity', 'everyone']","[274, 275, 96, 97, 98, 755, 100, 86]"
"Antibiotics can cause side effects, so patients should never use them!!! Context is unclear.",0,"['antibiotics', 'cause', 'side', 'effects', 'patients', 'never', 'use', 'context', 'unclear']","[42, 88, 12, 13, 181, 222, 183, 25, 26]"
Vaccines help the immune system recognize infections. Context is unclear.,0,"['vaccines', 'help', 'immune', 'system', 'recognize', 'infections', 'context', 'unclear']","[22, 64, 182, 352, 353, 150, 25, 26]"
Vaccines help the immune system recognize infections.,0,"['vaccines', 'help', 'immune', 'system', 'recognize', 'infections']","[22, 64, 182, 352, 353, 150]"
Positive thinking alone cures clinical depression.,1,"['positive', 'thinking', 'alone', 'cures', 'clinical', 'depression']","[168, 232, 179, 72, 194, 101]"
Ethylene oxide used in COVID-19 testing swabs “literally changes the structure of the building blocks of your own body.”,1,"['ethylene', 'oxide', 'used', 'covid', 'testing', 'swabs', 'literally', 'changes', 'structure', 'building', 'blocks', 'body']","[773, 545, 43, 59, 314, 774, 775, 776, 777, 660, 778, 298]"
Doctor said online: Early cancer screening can improve treatmnt outcomes.,0,"['doctor', 'said', 'online', 'early', 'cancer', 'screening', 'improve', 'treatmnt', 'outcomes']","[16, 17, 18, 276, 73, 277, 278, 755, 279]"
"Antidepressants can have side effects, so nobody should take them. Please verify with doctor.",0,"['antidepressants', 'side', 'effects', 'nobody', 'take', 'please', 'verify', 'doctor']","[11, 12, 13, 14, 15, 57, 58, 16]"
Forwarded message: High fever in infants shud be evaluated by a healthcare professional.,0,"['forwarded', 'message', 'high', 'fever', 'infants', 'shud', 'evaluated', 'healthcare', 'professional']","[274, 275, 109, 110, 594, 273, 595, 37, 164]"
Antibiotics cure all viral infections.,1,"['antibiotics', 'cure', 'viral', 'infections']","[42, 247, 220, 150]"
Skipping dinner is the best treatment for obesity in everyone.,1,"['skipping', 'dinner', 'best', 'treatment', 'obesity', 'everyone']","[96, 97, 98, 99, 100, 86]"
Early cancer screening can improve treatment outcomes. This is based on personal experience.,0,"['early', 'cancer', 'screening', 'improve', 'treatment', 'outcomes', 'based', 'personal', 'experience']","[276, 73, 277, 278, 99, 279, 466, 467, 468]"
Antibiotics should be used as prescribed by a qualified clinician.,0,"['antibiotics', 'used', 'prescribed', 'qualified', 'clinician']","[42, 43, 44, 45, 46]"
Skipping dinner is the best treatment for obesity in everyone.,1,"['skipping', 'dinner', 'best', 'treatment', 'obesity', 'everyone']","[96, 97, 98, 99, 100, 86]"
"Chemotherapy has side effects, so it should always be refused.",0,"['chemotherapy', 'side', 'effects', 'always', 'refused']","[47, 12, 13, 48, 49]"
"#IndiaFightsCorona 54 districts in India are reporting more than 10% #COVID19 Positivity for the week ending 26th July 2021 - JS, @MoHFW_INDIA, #Unite2FightCorona #StaySafe",0,"['districts', 'india', 'reporting', 'positivity', 'week', 'ending', 'th', 'july', 'js', 'mohfwindia']","[1, 346, 327, 1, 308, 212, 682, 223, 648, 649]"
Stop insulin and use bitter melon juice instead.,1,"['stop', 'insulin', 'use', 'bitter', 'melon', 'juice', 'instead']","[8, 367, 183, 368, 369, 370, 371]"
Systemic health and social inequities have put some rural residents at increased risk of getting very sick from #COVID19. Vaccination differences between urban and rural areas could hinder efforts to reduce COVID-19 nationally. More: http://bit.ly/CDTweeklyreview,0,"['systemic', 'health', 'social', 'inequities', 'put', 'rural', 'residents', 'increased', 'risk', 'getting', 'sick', 'vaccination', 'differences', 'urban', 'rural', 'areas', 'could', 'hinder', 'efforts', 'reduce', 'covid', 'nationally']","[1, 62, 362, 1, 384, 839, 812, 500, 471, 141, 501, 122, 1, 1, 839, 604, 144, 1, 831, 326, 59, 1]"
"Forwarded message: Antidepressants can have side effects, so nobody should take them!!!",0,"['forwarded', 'message', 'antidepressants', 'side', 'effects', 'nobody', 'take']","[274, 275, 11, 12, 13, 14, 15]"
India’s cumulative vaccination coverage crosses 88 crore landmark milestone.  More than 59 lakh Vaccine doses administered today till 7 pm. https://pib.gov.in/PressReleaseIframePage.aspx?PRID=1759433,0,"['indias', 'cumulative', 'vaccination', 'coverage', 'crosses', 'crore', 'landmark', 'milestone', 'lakh', 'vaccine', 'doses', 'administered', 'today', 'till', 'pm']","[840, 1, 122, 758, 841, 842, 1, 1, 790, 35, 243, 406, 264, 1, 1]"
"As of May 31, national forecasts predict 800–4,800 new #COVID19 deaths will be reported during the week ending June 26. That would bring the projected total number of U.S. deaths to 601,000–614,000. More: http://bit.ly/CDC_MForecast.",0,"['may', 'national', 'forecasts', 'predict', 'new', 'deaths', 'reported', 'week', 'ending', 'june', 'would', 'bring', 'projected', 'total', 'number', 'us', 'deaths']","[77, 304, 305, 306, 134, 307, 169, 308, 212, 303, 309, 213, 310, 311, 312, 117, 307]"
Suicidal thoughts require immediate support and professional help.,0,"['suicidal', 'thoughts', 'require', 'immediate', 'support', 'professional', 'help']","[160, 161, 78, 162, 163, 164, 64]"
University of Miami researchers have found that the COVID-19 vaccine affects sperm production.,1,"['university', 'miami', 'researchers', 'found', 'covid', 'vaccine', 'affects', 'sperm', 'production']","[548, 1, 1, 724, 59, 35, 843, 1, 801]"
Vaccines are not a panacea as evidenced by: The UK ranking first in infection in Europe when 90% of the population is vaccinated; Vaccines not being able to cure Delta strain and it is better to develop herd immunity; The England team participating in the Tokyo Olympics refusing to be vaccinated,1,"['vaccines', 'panacea', 'evidenced', 'uk', 'ranking', 'first', 'infection', 'europe', 'population', 'vaccinated', 'vaccines', 'able', 'cure', 'delta', 'strain', 'better', 'develop', 'herd', 'immunity', 'england', 'team', 'participating', 'tokyo', 'olympics', 'refusing', 'vaccinated']","[22, 1, 1, 844, 1, 443, 359, 1, 366, 142, 22, 819, 247, 152, 458, 21, 845, 1, 711, 619, 1, 1, 1, 821, 641, 142]"
"Sugar contributes calories, so fruit should be completely avoided. #health #viral",0,"['sugar', 'contributes', 'calories', 'fruit', 'completely', 'avoided']","[89, 90, 91, 92, 74, 93]"
"Chemotherapy has side effects, so it should always be refused. Please verify with doctor.",0,"['chemotherapy', 'side', 'effects', 'always', 'refused', 'please', 'verify', 'doctor']","[47, 12, 13, 48, 49, 57, 58, 16]"
Vaccination can reduce the risk of severe COVID-19 outcomes.,0,"['vaccination', 'reduce', 'risk', 'severe', 'covid', 'outcomes']","[122, 326, 471, 76, 59, 279]"
"If you have an underlying health condition or take a medication that weakens your immune system, talk with your healthcare provider about whether you should continue taking precautions against #COVID19 after you’re fully vaccinated. More: https://bit.ly/3btJaFU ",0,"['underlying', 'health', 'condition', 'take', 'medication', 'weakens', 'immune', 'system', 'talk', 'healthcare', 'provider', 'whether', 'continue', 'taking', 'precautions', 'youre', 'fully', 'vaccinated']","[824, 62, 412, 15, 105, 1, 182, 352, 36, 37, 38, 135, 446, 41, 489, 40, 227, 142]"
Hot water may kill coronavirus inside the throat.,1,"['hot', 'water', 'may', 'kill', 'coronavirus', 'inside', 'throat']","[375, 7, 77, 376, 377, 378, 379]"
Positive thinking alone cures clinical depression. Many people are talking about this. Context is unclear.,1,"['positive', 'thinking', 'alone', 'cures', 'clinical', 'depression', 'many', 'people', 'talking', 'context', 'unclear']","[168, 232, 179, 72, 194, 101, 293, 140, 294, 25, 26]"
Ultrasound always harms the baby.,1,"['ultrasound', 'always', 'harms', 'baby']","[319, 48, 320, 195]"
Regular monitoring of blood glucose helps diabetes management.,0,"['regular', 'monitoring', 'blood', 'glucose', 'helps', 'diabetes', 'management']","[50, 51, 52, 53, 54, 55, 56]"
Regular monitoring of blood glucose helps diabetes management. Ask a clinician before acting.,0,"['regular', 'monitoring', 'blood', 'glucose', 'helps', 'diabetes', 'management', 'ask', 'clinician', 'acting']","[50, 51, 52, 53, 54, 55, 56, 268, 46, 269]"
"Pregnant and recently pregnant people are more likely to get very sick and die from #COVID19. More than 120,000 pregnant people have had COVID-19 since Jan 22, 2020. If you are pregnant, get vaccinated & take steps to protect yourself & your baby. More: https://bit.ly/CDT_pregnant ",0,"['pregnant', 'recently', 'pregnant', 'people', 'likely', 'get', 'sick', 'die', 'pregnant', 'people', 'covid', 'since', 'jan', 'pregnant', 'get', 'vaccinated', 'take', 'steps', 'protect', 'baby']","[265, 473, 265, 140, 200, 34, 501, 554, 265, 140, 59, 419, 1, 265, 34, 142, 15, 574, 199, 195]"
Breaking health advice: Hot water may kill coronavirus inside the throat.,1,"['breaking', 'health', 'advice', 'hot', 'water', 'may', 'kill', 'coronavirus', 'inside', 'throat']","[115, 62, 221, 375, 7, 77, 376, 377, 378, 379]"
Says an NBC producer at the Olympics was caught on a hot mic saying “60% of people in this stadium will be dead within 10 days.”,1,"['says', 'nbc', 'producer', 'olympics', 'caught', 'hot', 'mic', 'saying', 'people', 'stadium', 'dead', 'within', 'days']","[145, 820, 675, 821, 676, 375, 677, 822, 140, 823, 532, 663, 239]"
"Antibiotics can cause side effects, so patients should never use them. No doctor needed.",0,"['antibiotics', 'cause', 'side', 'effects', 'patients', 'never', 'use', 'doctor', 'needed']","[42, 88, 12, 13, 181, 222, 183, 16, 106]"
"If you got all recommended doses of a #COVID19 vaccine authorized by @US_FDA or listed for emergency use by @WHO , you do not need an additional dose at this time, unless you have a weakened immune system. Learn more: https://bit.ly/2X1pZhC.",0,"['got', 'recommended', 'doses', 'vaccine', 'authorized', 'usfda', 'listed', 'emergency', 'use', 'need', 'additional', 'dose', 'time', 'unless', 'weakened', 'immune', 'system', 'learn']","[656, 292, 243, 35, 741, 1, 1, 514, 183, 288, 703, 226, 33, 1, 205, 182, 352, 66]"
Someone claimed: Stop insulin and use bitter melon juice instead!!!,1,"['someone', 'claimed', 'stop', 'insulin', 'use', 'bitter', 'melon', 'juice', 'instead']","[229, 230, 8, 367, 183, 368, 369, 370, 371]"
Prenatal care helps monitor maternal and fetal health. Please verify with doctor. Context is unclear.,0,"['prenatal', 'care', 'helps', 'monitor', 'maternal', 'fetal', 'health', 'please', 'verify', 'doctor', 'context', 'unclear']","[129, 130, 54, 131, 132, 133, 62, 57, 58, 16, 25, 26]"
"Insulin may cause low blood sugar, so patients should avoid it.",0,"['insulin', 'may', 'cause', 'low', 'blood', 'sugar', 'patients', 'avoid']","[367, 77, 88, 386, 52, 89, 181, 266]"
Forwarded message: Regular monitoring of blood glucose helps diabetes management.,0,"['forwarded', 'message', 'regular', 'monitoring', 'blood', 'glucose', 'helps', 'diabetes', 'management']","[274, 275, 50, 51, 52, 53, 54, 55, 56]"
Prenatal care helps monitor maternal and fetal health.,0,"['prenatal', 'care', 'helps', 'monitor', 'maternal', 'fetal', 'health']","[129, 130, 54, 131, 132, 133, 62]"
"In a forum, a user wrote: Most childhood fevers are viral, so medical advice is never needed. Please verify with dr. Many people are talking about this.",0,"['forum', 'user', 'wrote', 'childhood', 'fevers', 'viral', 'medical', 'advice', 'never', 'needed', 'please', 'verify', 'dr', 'many', 'people', 'talking']","[82, 83, 84, 218, 219, 220, 80, 221, 222, 106, 57, 58, 231, 293, 140, 294]"
Hot water may kill coronavirus inside the throat.,1,"['hot', 'water', 'may', 'kill', 'coronavirus', 'inside', 'throat']","[375, 7, 77, 376, 377, 378, 379]"
"Some medications are risky in pregnancy, so all medicines must be stopped. Please verify with doctor.",0,"['medications', 'risky', 'pregnancy', 'medicines', 'must', 'stopped', 'please', 'verify', 'doctor']","[39, 67, 68, 31, 69, 70, 57, 58, 16]"
Teething always causes very high fever. Please verify with doctor.,1,"['teething', 'always', 'causes', 'high', 'fever', 'please', 'verify', 'doctor']","[107, 48, 108, 109, 110, 57, 58, 16]"
Depression can be cured by stopping all psychiatric medication. Please verify with doctor. No doctor needed.,1,"['depression', 'cured', 'stopping', 'psychiatric', 'medication', 'please', 'verify', 'doctor', 'doctor', 'needed']","[101, 102, 103, 104, 105, 57, 58, 16, 16, 106]"
Severe chest pain may require urgent medical attention. Context is unclear.,0,"['severe', 'chest', 'pain', 'may', 'require', 'urgent', 'medical', 'attention', 'context', 'unclear']","[76, 3, 4, 77, 78, 79, 80, 81, 25, 26]"
"During the COVID-19 pandemic, instead of people boxes of bananas were «buried.»",1,"['covid', 'pandemic', 'instead', 'people', 'boxes', 'bananas', 'buried']","[59, 65, 371, 140, 1, 1, 1]"
Vaccines help the immune system recognize infections.,0,"['vaccines', 'help', 'immune', 'system', 'recognize', 'infections']","[22, 64, 182, 352, 353, 150]"
Use leftover antibiotics whenever you feel feverish.,1,"['use', 'leftover', 'antibiotics', 'whenever', 'feel', 'feverish']","[183, 184, 42, 185, 186, 187]"
High fever in infants should be evaluated by a healthcare professional.,0,"['high', 'fever', 'infants', 'evaluated', 'healthcare', 'professional']","[109, 110, 594, 595, 37, 164]"
Women’s menstrual cycles and fertility are affected by being around people who have received COVID-19 vaccines,1,"['womens', 'menstrual', 'cycles', 'fertility', 'affected', 'around', 'people', 'received', 'covid', 'vaccines']","[1, 1, 1, 193, 1, 32, 140, 225, 59, 22]"
A vitamin drink works better than vaccines for general wellness.,1,"['vitamin', 'drink', 'works', 'better', 'vaccines', 'general', 'wellness']","[19, 5, 20, 21, 22, 23, 24]"
"Chemotherapy has side effects, so it should always be refused.",0,"['chemotherapy', 'side', 'effects', 'always', 'refused']","[47, 12, 13, 48, 49]"
"The FDA announced that the CDC's PCR test for COVID-19 “failed its full review” because it is ""unable to differentiate between COVID and flu,"" resulting in the diagnostic tool’s emergency use authorization (EUA) being revoked under a Class 1 recall.",1,"['fda', 'announced', 'cdcs', 'pcr', 'test', 'covid', 'failed', 'full', 'review', 'unable', 'differentiate', 'covid', 'flu', 'resulting', 'diagnostic', 'tools', 'emergency', 'use', 'authorization', 'eua', 'revoked', 'class', 'recall']","[332, 333, 146, 316, 87, 59, 334, 237, 335, 1, 834, 59, 262, 1, 717, 612, 514, 183, 515, 833, 1, 1, 1]"
Vaccines permanently damage fertility and should be avoided.,1,"['vaccines', 'permanently', 'damage', 'fertility', 'avoided']","[22, 191, 192, 193, 93]"
Skipping dinner is the best treatmnt for obesity in everyone. No doctor needed.,1,"['skipping', 'dinner', 'best', 'treatmnt', 'obesity', 'everyone', 'doctor', 'needed']","[96, 97, 98, 755, 100, 86, 16, 106]"
Stop taking prescribed medicine and inhale steam to cure COVID completely. Please verify with doctor. No doctor needed.,1,"['stop', 'taking', 'prescribed', 'medicine', 'inhale', 'steam', 'cure', 'covid', 'completely', 'please', 'verify', 'doctor', 'doctor', 'needed']","[8, 41, 44, 244, 245, 246, 247, 59, 74, 57, 58, 16, 16, 106]"
Skipping dinner is the best treatment for obesity in everyone. Context is unclear.,1,"['skipping', 'dinner', 'best', 'treatment', 'obesity', 'everyone', 'context', 'unclear']","[96, 97, 98, 99, 100, 86, 25, 26]"
"As of September 13, 209.7 million people in the US have received at least one dose of a #COVID19 vaccine. Of those, 179 million, or about 53.9%, are fully vaccinated. Getting vaccinated is safe, easy, & free. Make your vaccination appointment today. More: http://bit.ly/CDT_vaccine.",0,"['september', 'million', 'people', 'us', 'received', 'least', 'one', 'dose', 'vaccine', 'million', 'fully', 'vaccinated', 'getting', 'vaccinated', 'safe', 'easy', 'free', 'make', 'vaccination', 'appointment', 'today']","[679, 224, 140, 117, 225, 170, 214, 226, 35, 224, 227, 142, 141, 142, 395, 808, 261, 732, 122, 749, 264]"
Depression can be cured by stopping all psychiatric medication. Context is unclear.,1,"['depression', 'cured', 'stopping', 'psychiatric', 'medication', 'context', 'unclear']","[101, 102, 103, 104, 105, 25, 26]"
"Breaking health advice: Antibiotics can cause side effects, so patients should never use them.",0,"['breaking', 'health', 'advice', 'antibiotics', 'cause', 'side', 'effects', 'patients', 'never', 'use']","[115, 62, 221, 42, 88, 12, 13, 181, 222, 183]"
A vitamin drink works better than vaccines for general wellness. Context is unclear.,1,"['vitamin', 'drink', 'works', 'better', 'vaccines', 'general', 'wellness', 'context', 'unclear']","[19, 5, 20, 21, 22, 23, 24, 25, 26]"
A viral post says: Ultrasound always harms the baby. Ask a clinician before acting.,1,"['viral', 'post', 'says', 'ultrasound', 'always', 'harms', 'baby', 'ask', 'clinician', 'acting']","[220, 344, 145, 319, 48, 320, 195, 268, 46, 269]"
"Antibiotics can cause side effects, so patients shud never use them. Context is unclear.",0,"['antibiotics', 'cause', 'side', 'effects', 'patients', 'shud', 'never', 'use', 'context', 'unclear']","[42, 88, 12, 13, 181, 273, 222, 183, 25, 26]"
"Exercise improves heart health, so medication is never needed. Please verify with doctor.",0,"['exercise', 'improves', 'heart', 'health', 'medication', 'never', 'needed', 'please', 'verify', 'doctor']","[623, 624, 9, 62, 105, 222, 106, 57, 58, 16]"
Stop taking prescribed medicine and inhale steam to cure COVID completely.,1,"['stop', 'taking', 'prescribed', 'medicine', 'inhale', 'steam', 'cure', 'covid', 'completely']","[8, 41, 44, 244, 245, 246, 247, 59, 74]"
 [#COVID19] Delta has been detected in at least 98 countries and is spreading quickly in countries with low and high vaccination coverage. - @DrTedros,0,"['delta', 'detected', 'least', 'countries', 'spreading', 'quickly', 'countries', 'low', 'high', 'vaccination', 'coverage', 'drtedros']","[152, 1, 170, 407, 380, 793, 407, 386, 109, 122, 758, 605]"
"#HCPs: Listen to & support your patient’s experience with post-COVID conditions, a wide range of physical & mental health problems occurring after a #COVID19 infection. CDC has released new guidance on caring & managing post-COVID conditions. Learn more: https://bit.ly/3wr2taI ",0,"['listen', 'support', 'patients', 'experience', 'postcovid', 'conditions', 'wide', 'range', 'physical', 'mental', 'health', 'problems', 'occurring', 'infection', 'cdc', 'released', 'new', 'guidance', 'caring', 'managing', 'postcovid', 'conditions', 'learn']","[1, 163, 181, 468, 761, 176, 1, 1, 600, 527, 62, 785, 1, 359, 27, 693, 134, 800, 795, 1, 761, 176, 66]"
A balanced diet supports general health.,0,"['balanced', 'diet', 'supports', 'general', 'health']","[112, 113, 114, 23, 62]"
Pregnant people should avoid all vaccines and checkups. Please verify with doctor. Context is unclear.,1,"['pregnant', 'people', 'avoid', 'vaccines', 'checkups', 'please', 'verify', 'doctor', 'context', 'unclear']","[265, 140, 266, 22, 267, 57, 58, 16, 25, 26]"
"Doctor said online: Most young people recover from COVID, so prevention is unnecessary!!! No doctor needed!!!",0,"['doctor', 'said', 'online', 'young', 'people', 'recover', 'covid', 'prevention', 'unnecessary', 'doctor', 'needed']","[16, 17, 18, 207, 140, 208, 59, 209, 210, 16, 106]"
Early cancer screening can improve treatment outcomes!!! Context is unclear.,0,"['early', 'cancer', 'screening', 'improve', 'treatment', 'outcomes', 'context', 'unclear']","[276, 73, 277, 278, 99, 279, 25, 26]"
Prenatal care helps monitor maternal and fetal health. Please verify with doctor.,0,"['prenatal', 'care', 'helps', 'monitor', 'maternal', 'fetal', 'health', 'please', 'verify', 'doctor']","[129, 130, 54, 131, 132, 133, 62, 57, 58, 16]"
Someone claimed: A vitamin drink works better than vaccines for general wellness.,1,"['someone', 'claimed', 'vitamin', 'drink', 'works', 'better', 'vaccines', 'general', 'wellness']","[229, 230, 19, 5, 20, 21, 22, 23, 24]"
"Exercise improves heart health, so medication is never needed.",0,"['exercise', 'improves', 'heart', 'health', 'medication', 'never', 'needed']","[623, 624, 9, 62, 105, 222, 106]"
Breaking health advice: Stop taking prescribed medicine and inhale steam to cure COVID completely!!!,1,"['breaking', 'health', 'advice', 'stop', 'taking', 'prescribed', 'medicine', 'inhale', 'steam', 'cure', 'covid', 'completely']","[115, 62, 221, 8, 41, 44, 244, 245, 246, 247, 59, 74]"
Those forcing COVID-19 vaccination will be fined Rs 5 crore.,1,"['forcing', 'covid', 'vaccination', 'fined', 'rs', 'crore']","[1, 59, 122, 1, 1, 842]"
Early cancer screening can improve treatmnt outcomes.,0,"['early', 'cancer', 'screening', 'improve', 'treatmnt', 'outcomes']","[276, 73, 277, 278, 755, 279]"
"""80% of people taking the Moderna vaccine had significant side effects, via Bill Gates.""",1,"['people', 'taking', 'moderna', 'vaccine', 'significant', 'side', 'effects', 'via', 'bill', 'gates']","[140, 41, 360, 35, 1, 12, 13, 1, 549, 550]"
COVID-19 vaccines are creating the coronavirus variants,1,"['covid', 'vaccines', 'creating', 'coronavirus', 'variants']","[59, 22, 1, 377, 157]"
"""Peak active cases” of COVID-19 for 2020 vs. 2021 show “this is not a ‘pandemic of the unvaccinated.'""",1,"['peak', 'active', 'cases', 'covid', 'vs', 'show', 'pandemic', 'unvaccinated']","[1, 1, 149, 59, 1, 236, 65, 355]"
"Vaccines are ineffective. Mortality rates have risen in the UK since vaccination. Haiti was the only country where vaccination did not begin and its president was assassinated. Tests will not detect the virus, its creator said. Masks do not protect against infection, this was confirmed by the published correspondence of Fauci.",1,"['vaccines', 'ineffective', 'mortality', 'rates', 'risen', 'uk', 'since', 'vaccination', 'haiti', 'country', 'vaccination', 'begin', 'president', 'assassinated', 'tests', 'detect', 'virus', 'creator', 'said', 'masks', 'protect', 'infection', 'confirmed', 'published', 'correspondence', 'fauci']","[22, 338, 830, 172, 1, 844, 419, 122, 640, 722, 122, 1, 477, 1, 607, 718, 281, 1, 17, 664, 199, 359, 794, 638, 1, 687]"
"Sugar contributes calories, so fruit should be completly avoided!!!",0,"['sugar', 'contributes', 'calories', 'fruit', 'completly', 'avoided']","[89, 90, 91, 92, 256, 93]"
A vitamin drink works better than vaccines for general wellness.,1,"['vitamin', 'drink', 'works', 'better', 'vaccines', 'general', 'wellness']","[19, 5, 20, 21, 22, 23, 24]"
Vaccines permanently damage fertility and should be avoided.,1,"['vaccines', 'permanently', 'damage', 'fertility', 'avoided']","[22, 191, 192, 193, 93]"
Antibiotics should be used as prescribed by a qualified clinician.,0,"['antibiotics', 'used', 'prescribed', 'qualified', 'clinician']","[42, 43, 44, 45, 46]"
"#Parents: Keep children from getting or spreading #COVID19 at child care. Keep them home if sick. If they are 2 & older & not vaccinated against COVID-19, they should wear a fitted mask over their mouth & nose while indoors & in crowded outdoor spaces. https://bit.ly/3e2aiN0.",0,"['keep', 'children', 'getting', 'spreading', 'child', 'care', 'keep', 'home', 'sick', 'older', 'vaccinated', 'covid', 'wear', 'fitted', 'mask', 'mouth', 'nose', 'indoors', 'crowded', 'outdoor', 'spaces']","[451, 351, 141, 380, 667, 130, 451, 196, 501, 174, 142, 59, 447, 1, 388, 448, 348, 739, 601, 572, 1]"
Detox water removes all toxins from the body overnight. Please verify with doctor.,1,"['detox', 'water', 'removes', 'toxins', 'body', 'overnight', 'please', 'verify', 'doctor']","[295, 7, 296, 297, 298, 299, 57, 58, 16]"
Garlic water cures cancer completely without chemotherapy.,1,"['garlic', 'water', 'cures', 'cancer', 'completely', 'without', 'chemotherapy']","[71, 7, 72, 73, 74, 75, 47]"
Cinnamon alone can control blood sugar in all diabetes patients. Please verify with doctor.,1,"['cinnamon', 'alone', 'control', 'blood', 'sugar', 'diabetes', 'patients', 'please', 'verify', 'doctor']","[178, 179, 180, 52, 89, 55, 181, 57, 58, 16]"
Forwarded message: Prenatal care helps monitor maternal and fetal health. Context is unclear.,0,"['forwarded', 'message', 'prenatal', 'care', 'helps', 'monitor', 'maternal', 'fetal', 'health', 'context', 'unclear']","[274, 275, 129, 130, 54, 131, 132, 133, 62, 25, 26]"
Antibiotics should be used as prescribed by a qualified clinician. This may not apply to everyone.,0,"['antibiotics', 'used', 'prescribed', 'qualified', 'clinician', 'may', 'apply', 'everyone']","[42, 43, 44, 45, 46, 77, 85, 86]"
"For every 100 #COVID19 cases from mid-June through Oct. 2020, contact tracing reduced spread by as much as 32% and prevented up to 97 more cases after accounting for prevention measures like mask wearing. Learn more: https://bit.ly/3zkywK8.",0,"['every', 'cases', 'midjune', 'oct', 'contact', 'tracing', 'reduced', 'spread', 'much', 'prevented', 'cases', 'accounting', 'prevention', 'measures', 'like', 'mask', 'wearing', 'learn']","[127, 149, 1, 1, 507, 1, 835, 158, 705, 1, 149, 838, 209, 342, 364, 388, 769, 66]"
Vaccination failed to prevent severe delta variant cases in Israel.,1,"['vaccination', 'failed', 'prevent', 'severe', 'delta', 'variant', 'cases', 'israel']","[122, 334, 394, 76, 152, 153, 149, 336]"
"As of June 21, national forecasts predict 13,000–159,000 new #COVID19 cases will likely be reported during the week ending July 17. More: http://bit.ly/CDC_CForecast",0,"['june', 'national', 'forecasts', 'predict', 'new', 'cases', 'likely', 'reported', 'week', 'ending', 'july']","[303, 304, 305, 306, 134, 149, 200, 169, 308, 212, 223]"
Garlic water cures cancer completly without chemotherapy.,1,"['garlic', 'water', 'cures', 'cancer', 'completly', 'without', 'chemotherapy']","[71, 7, 72, 73, 256, 75, 47]"
Hot water may kill coronavirus inside the throat.,1,"['hot', 'water', 'may', 'kill', 'coronavirus', 'inside', 'throat']","[375, 7, 77, 376, 377, 378, 379]"
"Vaccines can cause mild fever, so they are unsafe for everyone.",0,"['vaccines', 'cause', 'mild', 'fever', 'unsafe', 'everyone']","[22, 88, 345, 110, 291, 86]"
"Exercise improves heart health, so medication is never needed. Please verify with doctor.",0,"['exercise', 'improves', 'heart', 'health', 'medication', 'never', 'needed', 'please', 'verify', 'doctor']","[623, 624, 9, 62, 105, 222, 106, 57, 58, 16]"
The Covid-19 messenger ribonucleic acid (mRNA) vaccines can cause people to develop a “magnetic force.”,1,"['covid', 'messenger', 'ribonucleic', 'acid', 'mrna', 'vaccines', 'cause', 'people', 'develop', 'magnetic', 'force']","[59, 1, 1, 1, 238, 22, 88, 140, 845, 1, 692]"
"For some #COVID19 vaccines, you need 2 shots to get the most protection. The timing between shots depends on which one you receive. - Pfizer-BioNTech: 3 weeks (21 days) after your first shot - Moderna: 1 month (28 days) after your first shot More: https://bit.ly/2RfAtaM",0,"['vaccines', 'need', 'shots', 'get', 'protection', 'timing', 'shots', 'depends', 'one', 'receive', 'pfizerbiontech', 'weeks', 'days', 'first', 'shot', 'moderna', 'month', 'days', 'first', 'shot']","[22, 288, 437, 34, 438, 439, 437, 440, 214, 441, 442, 414, 239, 443, 263, 360, 444, 239, 443, 263]"
British station cleaners are taking photos to scare the public about COVID-19,1,"['british', 'station', 'cleaners', 'taking', 'photos', 'scare', 'public', 'covid']","[779, 1, 829, 41, 1, 1, 252, 59]"
The delta variant does not lodge in the nasopharyngeal region and directly affects the lungs and tests cannot detect it.,1,"['delta', 'variant', 'lodge', 'nasopharyngeal', 'region', 'directly', 'affects', 'lungs', 'tests', 'cannot', 'detect']","[152, 153, 1, 1, 683, 1, 843, 1, 607, 562, 718]"
Recent COVID-NET data show that the #COVID19 hospitalization rates for non-Hispanic American Indian/Alaska Native people have increased & are currently the highest of any race/ethnicity group. Vaccinations are critical to preventing serious illness. More: https://bit.ly/2ETd34F,0,"['recent', 'covidnet', 'data', 'show', 'hospitalization', 'rates', 'nonhispanic', 'american', 'indianalaska', 'native', 'people', 'increased', 'currently', 'highest', 'raceethnicity', 'group', 'vaccinations', 'critical', 'preventing', 'serious', 'illness']","[233, 454, 324, 236, 242, 172, 1, 780, 1, 358, 140, 500, 740, 745, 1, 520, 285, 404, 765, 411, 241]"
Lemon water prevents all cancer if taken every morning. Please verify with dr.,1,"['lemon', 'water', 'prevents', 'cancer', 'taken', 'every', 'morning', 'please', 'verify', 'dr']","[372, 7, 126, 73, 373, 127, 374, 57, 58, 231]"
"Chemotherapy has side effects, so it shud always be refused. Context is unclear.",0,"['chemotherapy', 'side', 'effects', 'shud', 'always', 'refused', 'context', 'unclear']","[47, 12, 13, 273, 48, 49, 25, 26]"
Vaccines help the immune system recognize infections.,0,"['vaccines', 'help', 'immune', 'system', 'recognize', 'infections']","[22, 64, 182, 352, 353, 150]"
Health tip: Vaccines help the immune system recognize infections. This is based on personal experience.,0,"['health', 'tip', 'vaccines', 'help', 'immune', 'system', 'recognize', 'infections', 'based', 'personal', 'experience']","[62, 111, 22, 64, 182, 352, 353, 150, 466, 467, 468]"
"Antibiotics can cause side effects, so patients shud never use them!!! Share this with family!!!",0,"['antibiotics', 'cause', 'side', 'effects', 'patients', 'shud', 'never', 'use', 'share', 'family']","[42, 88, 12, 13, 181, 273, 222, 183, 94, 95]"
Suicidal thoughts require immediate support and professional help.,0,"['suicidal', 'thoughts', 'require', 'immediate', 'support', 'professional', 'help']","[160, 161, 78, 162, 163, 164, 64]"
Delta variant is a fake news,1,"['delta', 'variant', 'fake', 'news']","[152, 153, 1, 116]"
COVID-19 vaccines contain HIV and luciferin – a statement by Dr Carey Madey,1,"['covid', 'vaccines', 'contain', 'hiv', 'luciferin', 'statement', 'dr', 'carey', 'madey']","[59, 22, 815, 753, 1, 401, 231, 1, 1]"
"Most childhood fevers are viral, so medical advice is never needed. #health #viral Context is unclear.",0,"['childhood', 'fevers', 'viral', 'medical', 'advice', 'never', 'needed', 'context', 'unclear']","[218, 219, 220, 80, 221, 222, 106, 25, 26]"
Vaccines permanently damage fertility and should be avoided. No doctor needed.,1,"['vaccines', 'permanently', 'damage', 'fertility', 'avoided', 'doctor', 'needed']","[22, 191, 192, 193, 93, 16, 106]"
"#IndiaFightsCorona: India's #VaccinationDrive crosses 44.19 crore mark of administered doses. #StaySafe, follow #COVIDAppropriateBehaviour and get yourself vaccinated. # We4Vaccine#LargestVaccinationDrive",0,"['indias', 'crosses', 'crore', 'mark', 'administered', 'doses', 'follow', 'get', 'vaccinated', 'wevaccine']","[840, 841, 842, 1, 406, 243, 480, 34, 142, 1]"
Actress Mayim Bialik “refuses to vaccinate” against COVID-19,1,"['actress', 'mayim', 'bialik', 'refuses', 'vaccinate', 'covid']","[566, 567, 568, 569, 570, 59]"
